12/16/2025, 3:10:06 PM GMT-3 [Modules] Modules initializing
12/16/2025, 3:10:06 PM GMT-3 [Modules] Distribution: remote
12/16/2025, 3:10:06 PM GMT-3 [Modules] Host updates: enabled
12/16/2025, 3:10:06 PM GMT-3 [Modules] Module updates: enabled
12/16/2025, 3:10:06 PM GMT-3 [Modules] Module install path: /home/odin/.config/discord/0.0.117/modules
12/16/2025, 3:10:06 PM GMT-3 [Modules] Module installed file path: /home/odin/.config/discord/0.0.117/modules/installed.json
12/16/2025, 3:10:06 PM GMT-3 [Modules] Module download path: /home/odin/.config/discord/0.0.117/modules/pending
12/16/2025, 3:10:07 PM GMT-3 [Modules] Bootstrapping...
12/16/2025, 3:10:07 PM GMT-3 [Modules] Installing discord_desktop_core@0 from /opt/discord/resources/bootstrap/discord_desktop_core.zip
12/16/2025, 3:10:07 PM GMT-3 [Modules] Failed installing discord_desktop_core@0: Error: ENOENT: no such file or directory, open '/opt/discord/resources/bootstrap/discord_desktop_core.zip'
12/16/2025, 3:10:07 PM GMT-3 [Modules] Installing discord_erlpack@0 from /opt/discord/resources/bootstrap/discord_erlpack.zip
12/16/2025, 3:10:07 PM GMT-3 [Modules] Failed installing discord_erlpack@0: Error: ENOENT: no such file or directory, open '/opt/discord/resources/bootstrap/discord_erlpack.zip'
12/16/2025, 3:10:07 PM GMT-3 [Modules] Installing discord_spellcheck@0 from /opt/discord/resources/bootstrap/discord_spellcheck.zip
12/16/2025, 3:10:07 PM GMT-3 [Modules] Failed installing discord_spellcheck@0: Error: ENOENT: no such file or directory, open '/opt/discord/resources/bootstrap/discord_spellcheck.zip'
12/16/2025, 3:10:07 PM GMT-3 [Modules] Installing discord_utils@0 from /opt/discord/resources/bootstrap/discord_utils.zip
12/16/2025, 3:10:07 PM GMT-3 [Modules] Failed installing discord_utils@0: Error: ENOENT: no such file or directory, open '/opt/discord/resources/bootstrap/discord_utils.zip'
12/16/2025, 3:10:07 PM GMT-3 [Modules] Installing discord_voice@0 from /opt/discord/resources/bootstrap/discord_voice.zip
12/16/2025, 3:10:07 PM GMT-3 [Modules] Failed installing discord_voice@0: Error: ENOENT: no such file or directory, open '/opt/discord/resources/bootstrap/discord_voice.zip'
12/16/2025, 3:10:07 PM GMT-3 [Modules] Installing discord_zstd@0 from /opt/discord/resources/bootstrap/discord_zstd.zip
12/16/2025, 3:10:07 PM GMT-3 [Modules] Failed installing discord_zstd@0: Error: ENOENT: no such file or directory, open '/opt/discord/resources/bootstrap/discord_zstd.zip'
12/16/2025, 3:10:07 PM GMT-3 [Modules] Finished module installations. [success: 0] [failure: 6]
12/16/2025, 3:10:07 PM GMT-3 [Modules] Checking for host updates.
12/16/2025, 3:10:07 PM GMT-3 [Modules] Host update is available. Manual update required!
12/16/2025, 3:12:38 PM GMT-3 [Modules] Modules initializing
12/16/2025, 3:12:38 PM GMT-3 [Modules] Distribution: remote
12/16/2025, 3:12:38 PM GMT-3 [Modules] Host updates: enabled
12/16/2025, 3:12:38 PM GMT-3 [Modules] Module updates: enabled
12/16/2025, 3:12:38 PM GMT-3 [Modules] Module install path: /home/odin/.config/discord/0.0.119/modules
12/16/2025, 3:12:38 PM GMT-3 [Modules] Module installed file path: /home/odin/.config/discord/0.0.119/modules/installed.json
12/16/2025, 3:12:38 PM GMT-3 [Modules] Module download path: /home/odin/.config/discord/0.0.119/modules/pending
12/16/2025, 3:12:38 PM GMT-3 [Modules] Bootstrapping...
12/16/2025, 3:12:38 PM GMT-3 [Modules] Installing discord_desktop_core@0 from /opt/discord/resources/bootstrap/discord_desktop_core.zip
12/16/2025, 3:12:38 PM GMT-3 [Modules] Failed installing discord_desktop_core@0: Error: ENOENT: no such file or directory, open '/opt/discord/resources/bootstrap/discord_desktop_core.zip'
12/16/2025, 3:12:38 PM GMT-3 [Modules] Installing discord_erlpack@0 from /opt/discord/resources/bootstrap/discord_erlpack.zip
12/16/2025, 3:12:38 PM GMT-3 [Modules] Failed installing discord_erlpack@0: Error: ENOENT: no such file or directory, open '/opt/discord/resources/bootstrap/discord_erlpack.zip'
12/16/2025, 3:12:38 PM GMT-3 [Modules] Installing discord_spellcheck@0 from /opt/discord/resources/bootstrap/discord_spellcheck.zip
12/16/2025, 3:12:38 PM GMT-3 [Modules] Failed installing discord_spellcheck@0: Error: ENOENT: no such file or directory, open '/opt/discord/resources/bootstrap/discord_spellcheck.zip'
12/16/2025, 3:12:38 PM GMT-3 [Modules] Installing discord_utils@0 from /opt/discord/resources/bootstrap/discord_utils.zip
12/16/2025, 3:12:38 PM GMT-3 [Modules] Failed installing discord_utils@0: Error: ENOENT: no such file or directory, open '/opt/discord/resources/bootstrap/discord_utils.zip'
12/16/2025, 3:12:38 PM GMT-3 [Modules] Installing discord_voice@0 from /opt/discord/resources/bootstrap/discord_voice.zip
12/16/2025, 3:12:38 PM GMT-3 [Modules] Failed installing discord_voice@0: Error: ENOENT: no such file or directory, open '/opt/discord/resources/bootstrap/discord_voice.zip'
12/16/2025, 3:12:38 PM GMT-3 [Modules] Installing discord_zstd@0 from /opt/discord/resources/bootstrap/discord_zstd.zip
12/16/2025, 3:12:38 PM GMT-3 [Modules] Failed installing discord_zstd@0: Error: ENOENT: no such file or directory, open '/opt/discord/resources/bootstrap/discord_zstd.zip'
12/16/2025, 3:12:38 PM GMT-3 [Modules] Finished module installations. [success: 0] [failure: 6]
12/16/2025, 3:12:38 PM GMT-3 [Modules] Checking for host updates.
12/16/2025, 3:12:39 PM GMT-3 [Modules] Host is up to date.
12/16/2025, 3:12:39 PM GMT-3 [Modules] Checking for module updates at https://discord.com/api/modules/stable/versions.json
12/16/2025, 3:12:39 PM GMT-3 [Modules] Module update available: discord_desktop_core@1 [installed: 0]
12/16/2025, 3:12:39 PM GMT-3 [Modules] Module update available: discord_erlpack@1 [installed: 0]
12/16/2025, 3:12:39 PM GMT-3 [Modules] Module update available: discord_spellcheck@1 [installed: 0]
12/16/2025, 3:12:39 PM GMT-3 [Modules] Module update available: discord_utils@1 [installed: 0]
12/16/2025, 3:12:39 PM GMT-3 [Modules] Module update available: discord_voice@1 [installed: 0]
12/16/2025, 3:12:39 PM GMT-3 [Modules] Module update available: discord_zstd@1 [installed: 0]
12/16/2025, 3:12:39 PM GMT-3 [Modules] Fetching discord_desktop_core@1 from https://discord.com/api/modules/stable/discord_desktop_core/1
12/16/2025, 3:12:39 PM GMT-3 [Modules] Streaming discord_desktop_core@1 to /home/odin/.config/discord/0.0.119/modules/pending/discord_desktop_core-1.zip
12/16/2025, 3:12:39 PM GMT-3 [Modules] Streaming discord_desktop_core@1 to /home/odin/.config/discord/0.0.119/modules/pending/discord_desktop_core-1.zip: 1%
12/16/2025, 3:12:39 PM GMT-3 [Modules] Streaming discord_desktop_core@1 to /home/odin/.config/discord/0.0.119/modules/pending/discord_desktop_core-1.zip: 2%
12/16/2025, 3:12:39 PM GMT-3 [Modules] Streaming discord_desktop_core@1 to /home/odin/.config/discord/0.0.119/modules/pending/discord_desktop_core-1.zip: 4%
12/16/2025, 3:12:39 PM GMT-3 [Modules] Streaming discord_desktop_core@1 to /home/odin/.config/discord/0.0.119/modules/pending/discord_desktop_core-1.zip: 5%
12/16/2025, 3:12:39 PM GMT-3 [Modules] Streaming discord_desktop_core@1 to /home/odin/.config/discord/0.0.119/modules/pending/discord_desktop_core-1.zip: 6%
12/16/2025, 3:12:39 PM GMT-3 [Modules] Streaming discord_desktop_core@1 to /home/odin/.config/discord/0.0.119/modules/pending/discord_desktop_core-1.zip: 9%
12/16/2025, 3:12:39 PM GMT-3 [Modules] Streaming discord_desktop_core@1 to /home/odin/.config/discord/0.0.119/modules/pending/discord_desktop_core-1.zip: 16%
12/16/2025, 3:12:39 PM GMT-3 [Modules] Streaming discord_desktop_core@1 to /home/odin/.config/discord/0.0.119/modules/pending/discord_desktop_core-1.zip: 24%
12/16/2025, 3:12:39 PM GMT-3 [Modules] Streaming discord_desktop_core@1 to /home/odin/.config/discord/0.0.119/modules/pending/discord_desktop_core-1.zip: 35%
12/16/2025, 3:12:39 PM GMT-3 [Modules] Streaming discord_desktop_core@1 to /home/odin/.config/discord/0.0.119/modules/pending/discord_desktop_core-1.zip: 44%
12/16/2025, 3:12:39 PM GMT-3 [Modules] Streaming discord_desktop_core@1 to /home/odin/.config/discord/0.0.119/modules/pending/discord_desktop_core-1.zip: 60%
12/16/2025, 3:12:39 PM GMT-3 [Modules] Streaming discord_desktop_core@1 to /home/odin/.config/discord/0.0.119/modules/pending/discord_desktop_core-1.zip: 76%
12/16/2025, 3:12:39 PM GMT-3 [Modules] Streaming discord_desktop_core@1 to /home/odin/.config/discord/0.0.119/modules/pending/discord_desktop_core-1.zip: 90%
12/16/2025, 3:12:39 PM GMT-3 [Modules] Streaming discord_desktop_core@1 to /home/odin/.config/discord/0.0.119/modules/pending/discord_desktop_core-1.zip: 100%
12/16/2025, 3:12:39 PM GMT-3 [Modules] Fetching discord_erlpack@1 from https://discord.com/api/modules/stable/discord_erlpack/1
12/16/2025, 3:12:39 PM GMT-3 [Modules] Streaming discord_erlpack@1 to /home/odin/.config/discord/0.0.119/modules/pending/discord_erlpack-1.zip
12/16/2025, 3:12:39 PM GMT-3 [Modules] Streaming discord_erlpack@1 to /home/odin/.config/discord/0.0.119/modules/pending/discord_erlpack-1.zip: 2%
12/16/2025, 3:12:39 PM GMT-3 [Modules] Streaming discord_erlpack@1 to /home/odin/.config/discord/0.0.119/modules/pending/discord_erlpack-1.zip: 6%
12/16/2025, 3:12:39 PM GMT-3 [Modules] Streaming discord_erlpack@1 to /home/odin/.config/discord/0.0.119/modules/pending/discord_erlpack-1.zip: 11%
12/16/2025, 3:12:39 PM GMT-3 [Modules] Streaming discord_erlpack@1 to /home/odin/.config/discord/0.0.119/modules/pending/discord_erlpack-1.zip: 17%
12/16/2025, 3:12:39 PM GMT-3 [Modules] Streaming discord_erlpack@1 to /home/odin/.config/discord/0.0.119/modules/pending/discord_erlpack-1.zip: 31%
12/16/2025, 3:12:39 PM GMT-3 [Modules] Streaming discord_erlpack@1 to /home/odin/.config/discord/0.0.119/modules/pending/discord_erlpack-1.zip: 48%
12/16/2025, 3:12:39 PM GMT-3 [Modules] Streaming discord_erlpack@1 to /home/odin/.config/discord/0.0.119/modules/pending/discord_erlpack-1.zip: 64%
12/16/2025, 3:12:39 PM GMT-3 [Modules] Streaming discord_erlpack@1 to /home/odin/.config/discord/0.0.119/modules/pending/discord_erlpack-1.zip: 78%
12/16/2025, 3:12:39 PM GMT-3 [Modules] Streaming discord_erlpack@1 to /home/odin/.config/discord/0.0.119/modules/pending/discord_erlpack-1.zip: 89%
12/16/2025, 3:12:39 PM GMT-3 [Modules] Streaming discord_erlpack@1 to /home/odin/.config/discord/0.0.119/modules/pending/discord_erlpack-1.zip: 100%
12/16/2025, 3:12:39 PM GMT-3 [Modules] Fetching discord_spellcheck@1 from https://discord.com/api/modules/stable/discord_spellcheck/1
12/16/2025, 3:12:39 PM GMT-3 [Modules] Streaming discord_spellcheck@1 to /home/odin/.config/discord/0.0.119/modules/pending/discord_spellcheck-1.zip
12/16/2025, 3:12:40 PM GMT-3 [Modules] Streaming discord_spellcheck@1 to /home/odin/.config/discord/0.0.119/modules/pending/discord_spellcheck-1.zip: 1%
12/16/2025, 3:12:40 PM GMT-3 [Modules] Streaming discord_spellcheck@1 to /home/odin/.config/discord/0.0.119/modules/pending/discord_spellcheck-1.zip: 2%
12/16/2025, 3:12:40 PM GMT-3 [Modules] Streaming discord_spellcheck@1 to /home/odin/.config/discord/0.0.119/modules/pending/discord_spellcheck-1.zip: 3%
12/16/2025, 3:12:40 PM GMT-3 [Modules] Streaming discord_spellcheck@1 to /home/odin/.config/discord/0.0.119/modules/pending/discord_spellcheck-1.zip: 4%
12/16/2025, 3:12:40 PM GMT-3 [Modules] Streaming discord_spellcheck@1 to /home/odin/.config/discord/0.0.119/modules/pending/discord_spellcheck-1.zip: 5%
12/16/2025, 3:12:40 PM GMT-3 [Modules] Streaming discord_spellcheck@1 to /home/odin/.config/discord/0.0.119/modules/pending/discord_spellcheck-1.zip: 6%
12/16/2025, 3:12:40 PM GMT-3 [Modules] Streaming discord_spellcheck@1 to /home/odin/.config/discord/0.0.119/modules/pending/discord_spellcheck-1.zip: 7%
12/16/2025, 3:12:40 PM GMT-3 [Modules] Streaming discord_spellcheck@1 to /home/odin/.config/discord/0.0.119/modules/pending/discord_spellcheck-1.zip: 8%
12/16/2025, 3:12:40 PM GMT-3 [Modules] Streaming discord_spellcheck@1 to /home/odin/.config/discord/0.0.119/modules/pending/discord_spellcheck-1.zip: 9%
12/16/2025, 3:12:40 PM GMT-3 [Modules] Streaming discord_spellcheck@1 to /home/odin/.config/discord/0.0.119/modules/pending/discord_spellcheck-1.zip: 10%
12/16/2025, 3:12:40 PM GMT-3 [Modules] Streaming discord_spellcheck@1 to /home/odin/.config/discord/0.0.119/modules/pending/discord_spellcheck-1.zip: 11%
12/16/2025, 3:12:40 PM GMT-3 [Modules] Streaming discord_spellcheck@1 to /home/odin/.config/discord/0.0.119/modules/pending/discord_spellcheck-1.zip: 13%
12/16/2025, 3:12:40 PM GMT-3 [Modules] Streaming discord_spellcheck@1 to /home/odin/.config/discord/0.0.119/modules/pending/discord_spellcheck-1.zip: 14%
12/16/2025, 3:12:40 PM GMT-3 [Modules] Streaming discord_spellcheck@1 to /home/odin/.config/discord/0.0.119/modules/pending/discord_spellcheck-1.zip: 15%
12/16/2025, 3:12:40 PM GMT-3 [Modules] Streaming discord_spellcheck@1 to /home/odin/.config/discord/0.0.119/modules/pending/discord_spellcheck-1.zip: 16%
12/16/2025, 3:12:40 PM GMT-3 [Modules] Streaming discord_spellcheck@1 to /home/odin/.config/discord/0.0.119/modules/pending/discord_spellcheck-1.zip: 17%
12/16/2025, 3:12:40 PM GMT-3 [Modules] Streaming discord_spellcheck@1 to /home/odin/.config/discord/0.0.119/modules/pending/discord_spellcheck-1.zip: 18%
12/16/2025, 3:12:40 PM GMT-3 [Modules] Streaming discord_spellcheck@1 to /home/odin/.config/discord/0.0.119/modules/pending/discord_spellcheck-1.zip: 19%
12/16/2025, 3:12:40 PM GMT-3 [Modules] Streaming discord_spellcheck@1 to /home/odin/.config/discord/0.0.119/modules/pending/discord_spellcheck-1.zip: 20%
12/16/2025, 3:12:40 PM GMT-3 [Modules] Streaming discord_spellcheck@1 to /home/odin/.config/discord/0.0.119/modules/pending/discord_spellcheck-1.zip: 21%
12/16/2025, 3:12:40 PM GMT-3 [Modules] Streaming discord_spellcheck@1 to /home/odin/.config/discord/0.0.119/modules/pending/discord_spellcheck-1.zip: 22%
12/16/2025, 3:12:40 PM GMT-3 [Modules] Streaming discord_spellcheck@1 to /home/odin/.config/discord/0.0.119/modules/pending/discord_spellcheck-1.zip: 23%
12/16/2025, 3:12:40 PM GMT-3 [Modules] Streaming discord_spellcheck@1 to /home/odin/.config/discord/0.0.119/modules/pending/discord_spellcheck-1.zip: 25%
12/16/2025, 3:12:40 PM GMT-3 [Modules] Streaming discord_spellcheck@1 to /home/odin/.config/discord/0.0.119/modules/pending/discord_spellcheck-1.zip: 27%
12/16/2025, 3:12:40 PM GMT-3 [Modules] Streaming discord_spellcheck@1 to /home/odin/.config/discord/0.0.119/modules/pending/discord_spellcheck-1.zip: 28%
12/16/2025, 3:12:40 PM GMT-3 [Modules] Streaming discord_spellcheck@1 to /home/odin/.config/discord/0.0.119/modules/pending/discord_spellcheck-1.zip: 29%
12/16/2025, 3:12:40 PM GMT-3 [Modules] Streaming discord_spellcheck@1 to /home/odin/.config/discord/0.0.119/modules/pending/discord_spellcheck-1.zip: 30%
12/16/2025, 3:12:40 PM GMT-3 [Modules] Streaming discord_spellcheck@1 to /home/odin/.config/discord/0.0.119/modules/pending/discord_spellcheck-1.zip: 31%
12/16/2025, 3:12:40 PM GMT-3 [Modules] Streaming discord_spellcheck@1 to /home/odin/.config/discord/0.0.119/modules/pending/discord_spellcheck-1.zip: 32%
12/16/2025, 3:12:40 PM GMT-3 [Modules] Streaming discord_spellcheck@1 to /home/odin/.config/discord/0.0.119/modules/pending/discord_spellcheck-1.zip: 34%
12/16/2025, 3:12:40 PM GMT-3 [Modules] Streaming discord_spellcheck@1 to /home/odin/.config/discord/0.0.119/modules/pending/discord_spellcheck-1.zip: 36%
12/16/2025, 3:12:40 PM GMT-3 [Modules] Streaming discord_spellcheck@1 to /home/odin/.config/discord/0.0.119/modules/pending/discord_spellcheck-1.zip: 37%
12/16/2025, 3:12:40 PM GMT-3 [Modules] Streaming discord_spellcheck@1 to /home/odin/.config/discord/0.0.119/modules/pending/discord_spellcheck-1.zip: 38%
12/16/2025, 3:12:40 PM GMT-3 [Modules] Streaming discord_spellcheck@1 to /home/odin/.config/discord/0.0.119/modules/pending/discord_spellcheck-1.zip: 39%
12/16/2025, 3:12:40 PM GMT-3 [Modules] Streaming discord_spellcheck@1 to /home/odin/.config/discord/0.0.119/modules/pending/discord_spellcheck-1.zip: 40%
12/16/2025, 3:12:40 PM GMT-3 [Modules] Streaming discord_spellcheck@1 to /home/odin/.config/discord/0.0.119/modules/pending/discord_spellcheck-1.zip: 41%
12/16/2025, 3:12:40 PM GMT-3 [Modules] Streaming discord_spellcheck@1 to /home/odin/.config/discord/0.0.119/modules/pending/discord_spellcheck-1.zip: 44%
12/16/2025, 3:12:40 PM GMT-3 [Modules] Streaming discord_spellcheck@1 to /home/odin/.config/discord/0.0.119/modules/pending/discord_spellcheck-1.zip: 45%
12/16/2025, 3:12:40 PM GMT-3 [Modules] Streaming discord_spellcheck@1 to /home/odin/.config/discord/0.0.119/modules/pending/discord_spellcheck-1.zip: 47%
12/16/2025, 3:12:40 PM GMT-3 [Modules] Streaming discord_spellcheck@1 to /home/odin/.config/discord/0.0.119/modules/pending/discord_spellcheck-1.zip: 49%
12/16/2025, 3:12:40 PM GMT-3 [Modules] Streaming discord_spellcheck@1 to /home/odin/.config/discord/0.0.119/modules/pending/discord_spellcheck-1.zip: 51%
12/16/2025, 3:12:40 PM GMT-3 [Modules] Streaming discord_spellcheck@1 to /home/odin/.config/discord/0.0.119/modules/pending/discord_spellcheck-1.zip: 52%
12/16/2025, 3:12:40 PM GMT-3 [Modules] Streaming discord_spellcheck@1 to /home/odin/.config/discord/0.0.119/modules/pending/discord_spellcheck-1.zip: 53%
12/16/2025, 3:12:40 PM GMT-3 [Modules] Streaming discord_spellcheck@1 to /home/odin/.config/discord/0.0.119/modules/pending/discord_spellcheck-1.zip: 54%
12/16/2025, 3:12:40 PM GMT-3 [Modules] Streaming discord_spellcheck@1 to /home/odin/.config/discord/0.0.119/modules/pending/discord_spellcheck-1.zip: 55%
12/16/2025, 3:12:40 PM GMT-3 [Modules] Streaming discord_spellcheck@1 to /home/odin/.config/discord/0.0.119/modules/pending/discord_spellcheck-1.zip: 56%
12/16/2025, 3:12:40 PM GMT-3 [Modules] Streaming discord_spellcheck@1 to /home/odin/.config/discord/0.0.119/modules/pending/discord_spellcheck-1.zip: 57%
12/16/2025, 3:12:40 PM GMT-3 [Modules] Streaming discord_spellcheck@1 to /home/odin/.config/discord/0.0.119/modules/pending/discord_spellcheck-1.zip: 58%
12/16/2025, 3:12:40 PM GMT-3 [Modules] Streaming discord_spellcheck@1 to /home/odin/.config/discord/0.0.119/modules/pending/discord_spellcheck-1.zip: 59%
12/16/2025, 3:12:40 PM GMT-3 [Modules] Streaming discord_spellcheck@1 to /home/odin/.config/discord/0.0.119/modules/pending/discord_spellcheck-1.zip: 60%
12/16/2025, 3:12:40 PM GMT-3 [Modules] Streaming discord_spellcheck@1 to /home/odin/.config/discord/0.0.119/modules/pending/discord_spellcheck-1.zip: 61%
12/16/2025, 3:12:40 PM GMT-3 [Modules] Streaming discord_spellcheck@1 to /home/odin/.config/discord/0.0.119/modules/pending/discord_spellcheck-1.zip: 62%
12/16/2025, 3:12:40 PM GMT-3 [Modules] Streaming discord_spellcheck@1 to /home/odin/.config/discord/0.0.119/modules/pending/discord_spellcheck-1.zip: 63%
12/16/2025, 3:12:40 PM GMT-3 [Modules] Streaming discord_spellcheck@1 to /home/odin/.config/discord/0.0.119/modules/pending/discord_spellcheck-1.zip: 64%
12/16/2025, 3:12:40 PM GMT-3 [Modules] Streaming discord_spellcheck@1 to /home/odin/.config/discord/0.0.119/modules/pending/discord_spellcheck-1.zip: 65%
12/16/2025, 3:12:40 PM GMT-3 [Modules] Streaming discord_spellcheck@1 to /home/odin/.config/discord/0.0.119/modules/pending/discord_spellcheck-1.zip: 67%
12/16/2025, 3:12:40 PM GMT-3 [Modules] Streaming discord_spellcheck@1 to /home/odin/.config/discord/0.0.119/modules/pending/discord_spellcheck-1.zip: 69%
12/16/2025, 3:12:40 PM GMT-3 [Modules] Streaming discord_spellcheck@1 to /home/odin/.config/discord/0.0.119/modules/pending/discord_spellcheck-1.zip: 72%
12/16/2025, 3:12:40 PM GMT-3 [Modules] Streaming discord_spellcheck@1 to /home/odin/.config/discord/0.0.119/modules/pending/discord_spellcheck-1.zip: 73%
12/16/2025, 3:12:40 PM GMT-3 [Modules] Streaming discord_spellcheck@1 to /home/odin/.config/discord/0.0.119/modules/pending/discord_spellcheck-1.zip: 74%
12/16/2025, 3:12:40 PM GMT-3 [Modules] Streaming discord_spellcheck@1 to /home/odin/.config/discord/0.0.119/modules/pending/discord_spellcheck-1.zip: 75%
12/16/2025, 3:12:40 PM GMT-3 [Modules] Streaming discord_spellcheck@1 to /home/odin/.config/discord/0.0.119/modules/pending/discord_spellcheck-1.zip: 77%
12/16/2025, 3:12:40 PM GMT-3 [Modules] Streaming discord_spellcheck@1 to /home/odin/.config/discord/0.0.119/modules/pending/discord_spellcheck-1.zip: 78%
12/16/2025, 3:12:40 PM GMT-3 [Modules] Streaming discord_spellcheck@1 to /home/odin/.config/discord/0.0.119/modules/pending/discord_spellcheck-1.zip: 79%
12/16/2025, 3:12:40 PM GMT-3 [Modules] Streaming discord_spellcheck@1 to /home/odin/.config/discord/0.0.119/modules/pending/discord_spellcheck-1.zip: 80%
12/16/2025, 3:12:40 PM GMT-3 [Modules] Streaming discord_spellcheck@1 to /home/odin/.config/discord/0.0.119/modules/pending/discord_spellcheck-1.zip: 81%
12/16/2025, 3:12:40 PM GMT-3 [Modules] Streaming discord_spellcheck@1 to /home/odin/.config/discord/0.0.119/modules/pending/discord_spellcheck-1.zip: 82%
12/16/2025, 3:12:40 PM GMT-3 [Modules] Streaming discord_spellcheck@1 to /home/odin/.config/discord/0.0.119/modules/pending/discord_spellcheck-1.zip: 84%
12/16/2025, 3:12:40 PM GMT-3 [Modules] Streaming discord_spellcheck@1 to /home/odin/.config/discord/0.0.119/modules/pending/discord_spellcheck-1.zip: 85%
12/16/2025, 3:12:40 PM GMT-3 [Modules] Streaming discord_spellcheck@1 to /home/odin/.config/discord/0.0.119/modules/pending/discord_spellcheck-1.zip: 86%
12/16/2025, 3:12:40 PM GMT-3 [Modules] Streaming discord_spellcheck@1 to /home/odin/.config/discord/0.0.119/modules/pending/discord_spellcheck-1.zip: 87%
12/16/2025, 3:12:40 PM GMT-3 [Modules] Streaming discord_spellcheck@1 to /home/odin/.config/discord/0.0.119/modules/pending/discord_spellcheck-1.zip: 88%
12/16/2025, 3:12:40 PM GMT-3 [Modules] Streaming discord_spellcheck@1 to /home/odin/.config/discord/0.0.119/modules/pending/discord_spellcheck-1.zip: 89%
12/16/2025, 3:12:40 PM GMT-3 [Modules] Streaming discord_spellcheck@1 to /home/odin/.config/discord/0.0.119/modules/pending/discord_spellcheck-1.zip: 90%
12/16/2025, 3:12:40 PM GMT-3 [Modules] Streaming discord_spellcheck@1 to /home/odin/.config/discord/0.0.119/modules/pending/discord_spellcheck-1.zip: 94%
12/16/2025, 3:12:40 PM GMT-3 [Modules] Streaming discord_spellcheck@1 to /home/odin/.config/discord/0.0.119/modules/pending/discord_spellcheck-1.zip: 98%
12/16/2025, 3:12:40 PM GMT-3 [Modules] Streaming discord_spellcheck@1 to /home/odin/.config/discord/0.0.119/modules/pending/discord_spellcheck-1.zip: 100%
12/16/2025, 3:12:40 PM GMT-3 [Modules] Fetching discord_utils@1 from https://discord.com/api/modules/stable/discord_utils/1
12/16/2025, 3:12:40 PM GMT-3 [Modules] Streaming discord_utils@1 to /home/odin/.config/discord/0.0.119/modules/pending/discord_utils-1.zip
12/16/2025, 3:12:41 PM GMT-3 [Modules] Streaming discord_utils@1 to /home/odin/.config/discord/0.0.119/modules/pending/discord_utils-1.zip: 1%
12/16/2025, 3:12:41 PM GMT-3 [Modules] Streaming discord_utils@1 to /home/odin/.config/discord/0.0.119/modules/pending/discord_utils-1.zip: 2%
12/16/2025, 3:12:41 PM GMT-3 [Modules] Streaming discord_utils@1 to /home/odin/.config/discord/0.0.119/modules/pending/discord_utils-1.zip: 5%
12/16/2025, 3:12:41 PM GMT-3 [Modules] Streaming discord_utils@1 to /home/odin/.config/discord/0.0.119/modules/pending/discord_utils-1.zip: 6%
12/16/2025, 3:12:41 PM GMT-3 [Modules] Streaming discord_utils@1 to /home/odin/.config/discord/0.0.119/modules/pending/discord_utils-1.zip: 7%
12/16/2025, 3:12:41 PM GMT-3 [Modules] Streaming discord_utils@1 to /home/odin/.config/discord/0.0.119/modules/pending/discord_utils-1.zip: 9%
12/16/2025, 3:12:41 PM GMT-3 [Modules] Streaming discord_utils@1 to /home/odin/.config/discord/0.0.119/modules/pending/discord_utils-1.zip: 10%
12/16/2025, 3:12:41 PM GMT-3 [Modules] Streaming discord_utils@1 to /home/odin/.config/discord/0.0.119/modules/pending/discord_utils-1.zip: 11%
12/16/2025, 3:12:41 PM GMT-3 [Modules] Streaming discord_utils@1 to /home/odin/.config/discord/0.0.119/modules/pending/discord_utils-1.zip: 13%
12/16/2025, 3:12:41 PM GMT-3 [Modules] Streaming discord_utils@1 to /home/odin/.config/discord/0.0.119/modules/pending/discord_utils-1.zip: 15%
12/16/2025, 3:12:41 PM GMT-3 [Modules] Streaming discord_utils@1 to /home/odin/.config/discord/0.0.119/modules/pending/discord_utils-1.zip: 18%
12/16/2025, 3:12:41 PM GMT-3 [Modules] Streaming discord_utils@1 to /home/odin/.config/discord/0.0.119/modules/pending/discord_utils-1.zip: 21%
12/16/2025, 3:12:41 PM GMT-3 [Modules] Streaming discord_utils@1 to /home/odin/.config/discord/0.0.119/modules/pending/discord_utils-1.zip: 22%
12/16/2025, 3:12:41 PM GMT-3 [Modules] Streaming discord_utils@1 to /home/odin/.config/discord/0.0.119/modules/pending/discord_utils-1.zip: 23%
12/16/2025, 3:12:41 PM GMT-3 [Modules] Streaming discord_utils@1 to /home/odin/.config/discord/0.0.119/modules/pending/discord_utils-1.zip: 26%
12/16/2025, 3:12:41 PM GMT-3 [Modules] Streaming discord_utils@1 to /home/odin/.config/discord/0.0.119/modules/pending/discord_utils-1.zip: 29%
12/16/2025, 3:12:41 PM GMT-3 [Modules] Streaming discord_utils@1 to /home/odin/.config/discord/0.0.119/modules/pending/discord_utils-1.zip: 31%
12/16/2025, 3:12:41 PM GMT-3 [Modules] Streaming discord_utils@1 to /home/odin/.config/discord/0.0.119/modules/pending/discord_utils-1.zip: 34%
12/16/2025, 3:12:41 PM GMT-3 [Modules] Streaming discord_utils@1 to /home/odin/.config/discord/0.0.119/modules/pending/discord_utils-1.zip: 37%
12/16/2025, 3:12:41 PM GMT-3 [Modules] Streaming discord_utils@1 to /home/odin/.config/discord/0.0.119/modules/pending/discord_utils-1.zip: 38%
12/16/2025, 3:12:41 PM GMT-3 [Modules] Streaming discord_utils@1 to /home/odin/.config/discord/0.0.119/modules/pending/discord_utils-1.zip: 39%
12/16/2025, 3:12:41 PM GMT-3 [Modules] Streaming discord_utils@1 to /home/odin/.config/discord/0.0.119/modules/pending/discord_utils-1.zip: 40%
12/16/2025, 3:12:41 PM GMT-3 [Modules] Streaming discord_utils@1 to /home/odin/.config/discord/0.0.119/modules/pending/discord_utils-1.zip: 42%
12/16/2025, 3:12:41 PM GMT-3 [Modules] Streaming discord_utils@1 to /home/odin/.config/discord/0.0.119/modules/pending/discord_utils-1.zip: 46%
12/16/2025, 3:12:41 PM GMT-3 [Modules] Streaming discord_utils@1 to /home/odin/.config/discord/0.0.119/modules/pending/discord_utils-1.zip: 49%
12/16/2025, 3:12:41 PM GMT-3 [Modules] Streaming discord_utils@1 to /home/odin/.config/discord/0.0.119/modules/pending/discord_utils-1.zip: 51%
12/16/2025, 3:12:41 PM GMT-3 [Modules] Streaming discord_utils@1 to /home/odin/.config/discord/0.0.119/modules/pending/discord_utils-1.zip: 54%
12/16/2025, 3:12:41 PM GMT-3 [Modules] Streaming discord_utils@1 to /home/odin/.config/discord/0.0.119/modules/pending/discord_utils-1.zip: 57%
12/16/2025, 3:12:41 PM GMT-3 [Modules] Streaming discord_utils@1 to /home/odin/.config/discord/0.0.119/modules/pending/discord_utils-1.zip: 59%
12/16/2025, 3:12:41 PM GMT-3 [Modules] Streaming discord_utils@1 to /home/odin/.config/discord/0.0.119/modules/pending/discord_utils-1.zip: 62%
12/16/2025, 3:12:41 PM GMT-3 [Modules] Streaming discord_utils@1 to /home/odin/.config/discord/0.0.119/modules/pending/discord_utils-1.zip: 65%
12/16/2025, 3:12:41 PM GMT-3 [Modules] Streaming discord_utils@1 to /home/odin/.config/discord/0.0.119/modules/pending/discord_utils-1.zip: 67%
12/16/2025, 3:12:41 PM GMT-3 [Modules] Streaming discord_utils@1 to /home/odin/.config/discord/0.0.119/modules/pending/discord_utils-1.zip: 70%
12/16/2025, 3:12:41 PM GMT-3 [Modules] Streaming discord_utils@1 to /home/odin/.config/discord/0.0.119/modules/pending/discord_utils-1.zip: 73%
12/16/2025, 3:12:41 PM GMT-3 [Modules] Streaming discord_utils@1 to /home/odin/.config/discord/0.0.119/modules/pending/discord_utils-1.zip: 75%
12/16/2025, 3:12:41 PM GMT-3 [Modules] Streaming discord_utils@1 to /home/odin/.config/discord/0.0.119/modules/pending/discord_utils-1.zip: 78%
12/16/2025, 3:12:41 PM GMT-3 [Modules] Streaming discord_utils@1 to /home/odin/.config/discord/0.0.119/modules/pending/discord_utils-1.zip: 79%
12/16/2025, 3:12:41 PM GMT-3 [Modules] Streaming discord_utils@1 to /home/odin/.config/discord/0.0.119/modules/pending/discord_utils-1.zip: 81%
12/16/2025, 3:12:41 PM GMT-3 [Modules] Streaming discord_utils@1 to /home/odin/.config/discord/0.0.119/modules/pending/discord_utils-1.zip: 82%
12/16/2025, 3:12:41 PM GMT-3 [Modules] Streaming discord_utils@1 to /home/odin/.config/discord/0.0.119/modules/pending/discord_utils-1.zip: 85%
12/16/2025, 3:12:41 PM GMT-3 [Modules] Streaming discord_utils@1 to /home/odin/.config/discord/0.0.119/modules/pending/discord_utils-1.zip: 87%
12/16/2025, 3:12:41 PM GMT-3 [Modules] Streaming discord_utils@1 to /home/odin/.config/discord/0.0.119/modules/pending/discord_utils-1.zip: 90%
12/16/2025, 3:12:41 PM GMT-3 [Modules] Streaming discord_utils@1 to /home/odin/.config/discord/0.0.119/modules/pending/discord_utils-1.zip: 91%
12/16/2025, 3:12:41 PM GMT-3 [Modules] Streaming discord_utils@1 to /home/odin/.config/discord/0.0.119/modules/pending/discord_utils-1.zip: 98%
12/16/2025, 3:12:41 PM GMT-3 [Modules] Streaming discord_utils@1 to /home/odin/.config/discord/0.0.119/modules/pending/discord_utils-1.zip: 100%
12/16/2025, 3:12:41 PM GMT-3 [Modules] Fetching discord_voice@1 from https://discord.com/api/modules/stable/discord_voice/1
12/16/2025, 3:12:41 PM GMT-3 [Modules] Streaming discord_voice@1 to /home/odin/.config/discord/0.0.119/modules/pending/discord_voice-1.zip
12/16/2025, 3:12:41 PM GMT-3 [Modules] Streaming discord_voice@1 to /home/odin/.config/discord/0.0.119/modules/pending/discord_voice-1.zip: 1%
12/16/2025, 3:12:41 PM GMT-3 [Modules] Streaming discord_voice@1 to /home/odin/.config/discord/0.0.119/modules/pending/discord_voice-1.zip: 2%
12/16/2025, 3:12:41 PM GMT-3 [Modules] Streaming discord_voice@1 to /home/odin/.config/discord/0.0.119/modules/pending/discord_voice-1.zip: 3%
12/16/2025, 3:12:41 PM GMT-3 [Modules] Streaming discord_voice@1 to /home/odin/.config/discord/0.0.119/modules/pending/discord_voice-1.zip: 4%
12/16/2025, 3:12:41 PM GMT-3 [Modules] Streaming discord_voice@1 to /home/odin/.config/discord/0.0.119/modules/pending/discord_voice-1.zip: 5%
12/16/2025, 3:12:41 PM GMT-3 [Modules] Streaming discord_voice@1 to /home/odin/.config/discord/0.0.119/modules/pending/discord_voice-1.zip: 6%
12/16/2025, 3:12:41 PM GMT-3 [Modules] Streaming discord_voice@1 to /home/odin/.config/discord/0.0.119/modules/pending/discord_voice-1.zip: 7%
12/16/2025, 3:12:41 PM GMT-3 [Modules] Streaming discord_voice@1 to /home/odin/.config/discord/0.0.119/modules/pending/discord_voice-1.zip: 8%
12/16/2025, 3:12:41 PM GMT-3 [Modules] Streaming discord_voice@1 to /home/odin/.config/discord/0.0.119/modules/pending/discord_voice-1.zip: 9%
12/16/2025, 3:12:41 PM GMT-3 [Modules] Streaming discord_voice@1 to /home/odin/.config/discord/0.0.119/modules/pending/discord_voice-1.zip: 10%
12/16/2025, 3:12:41 PM GMT-3 [Modules] Streaming discord_voice@1 to /home/odin/.config/discord/0.0.119/modules/pending/discord_voice-1.zip: 11%
12/16/2025, 3:12:41 PM GMT-3 [Modules] Streaming discord_voice@1 to /home/odin/.config/discord/0.0.119/modules/pending/discord_voice-1.zip: 12%
12/16/2025, 3:12:41 PM GMT-3 [Modules] Streaming discord_voice@1 to /home/odin/.config/discord/0.0.119/modules/pending/discord_voice-1.zip: 13%
12/16/2025, 3:12:41 PM GMT-3 [Modules] Streaming discord_voice@1 to /home/odin/.config/discord/0.0.119/modules/pending/discord_voice-1.zip: 14%
12/16/2025, 3:12:41 PM GMT-3 [Modules] Streaming discord_voice@1 to /home/odin/.config/discord/0.0.119/modules/pending/discord_voice-1.zip: 15%
12/16/2025, 3:12:41 PM GMT-3 [Modules] Streaming discord_voice@1 to /home/odin/.config/discord/0.0.119/modules/pending/discord_voice-1.zip: 16%
12/16/2025, 3:12:41 PM GMT-3 [Modules] Streaming discord_voice@1 to /home/odin/.config/discord/0.0.119/modules/pending/discord_voice-1.zip: 17%
12/16/2025, 3:12:41 PM GMT-3 [Modules] Streaming discord_voice@1 to /home/odin/.config/discord/0.0.119/modules/pending/discord_voice-1.zip: 18%
12/16/2025, 3:12:41 PM GMT-3 [Modules] Streaming discord_voice@1 to /home/odin/.config/discord/0.0.119/modules/pending/discord_voice-1.zip: 19%
12/16/2025, 3:12:41 PM GMT-3 [Modules] Streaming discord_voice@1 to /home/odin/.config/discord/0.0.119/modules/pending/discord_voice-1.zip: 20%
12/16/2025, 3:12:41 PM GMT-3 [Modules] Streaming discord_voice@1 to /home/odin/.config/discord/0.0.119/modules/pending/discord_voice-1.zip: 21%
12/16/2025, 3:12:41 PM GMT-3 [Modules] Streaming discord_voice@1 to /home/odin/.config/discord/0.0.119/modules/pending/discord_voice-1.zip: 22%
12/16/2025, 3:12:41 PM GMT-3 [Modules] Streaming discord_voice@1 to /home/odin/.config/discord/0.0.119/modules/pending/discord_voice-1.zip: 23%
12/16/2025, 3:12:41 PM GMT-3 [Modules] Streaming discord_voice@1 to /home/odin/.config/discord/0.0.119/modules/pending/discord_voice-1.zip: 24%
12/16/2025, 3:12:41 PM GMT-3 [Modules] Streaming discord_voice@1 to /home/odin/.config/discord/0.0.119/modules/pending/discord_voice-1.zip: 25%
12/16/2025, 3:12:41 PM GMT-3 [Modules] Streaming discord_voice@1 to /home/odin/.config/discord/0.0.119/modules/pending/discord_voice-1.zip: 26%
12/16/2025, 3:12:41 PM GMT-3 [Modules] Streaming discord_voice@1 to /home/odin/.config/discord/0.0.119/modules/pending/discord_voice-1.zip: 27%
12/16/2025, 3:12:41 PM GMT-3 [Modules] Streaming discord_voice@1 to /home/odin/.config/discord/0.0.119/modules/pending/discord_voice-1.zip: 28%
12/16/2025, 3:12:41 PM GMT-3 [Modules] Streaming discord_voice@1 to /home/odin/.config/discord/0.0.119/modules/pending/discord_voice-1.zip: 29%
12/16/2025, 3:12:41 PM GMT-3 [Modules] Streaming discord_voice@1 to /home/odin/.config/discord/0.0.119/modules/pending/discord_voice-1.zip: 30%
12/16/2025, 3:12:41 PM GMT-3 [Modules] Streaming discord_voice@1 to /home/odin/.config/discord/0.0.119/modules/pending/discord_voice-1.zip: 31%
12/16/2025, 3:12:41 PM GMT-3 [Modules] Streaming discord_voice@1 to /home/odin/.config/discord/0.0.119/modules/pending/discord_voice-1.zip: 32%
12/16/2025, 3:12:41 PM GMT-3 [Modules] Streaming discord_voice@1 to /home/odin/.config/discord/0.0.119/modules/pending/discord_voice-1.zip: 33%
12/16/2025, 3:12:41 PM GMT-3 [Modules] Streaming discord_voice@1 to /home/odin/.config/discord/0.0.119/modules/pending/discord_voice-1.zip: 34%
12/16/2025, 3:12:42 PM GMT-3 [Modules] Streaming discord_voice@1 to /home/odin/.config/discord/0.0.119/modules/pending/discord_voice-1.zip: 35%
12/16/2025, 3:12:42 PM GMT-3 [Modules] Streaming discord_voice@1 to /home/odin/.config/discord/0.0.119/modules/pending/discord_voice-1.zip: 36%
12/16/2025, 3:12:42 PM GMT-3 [Modules] Streaming discord_voice@1 to /home/odin/.config/discord/0.0.119/modules/pending/discord_voice-1.zip: 37%
12/16/2025, 3:12:42 PM GMT-3 [Modules] Streaming discord_voice@1 to /home/odin/.config/discord/0.0.119/modules/pending/discord_voice-1.zip: 38%
12/16/2025, 3:12:42 PM GMT-3 [Modules] Streaming discord_voice@1 to /home/odin/.config/discord/0.0.119/modules/pending/discord_voice-1.zip: 39%
12/16/2025, 3:12:42 PM GMT-3 [Modules] Streaming discord_voice@1 to /home/odin/.config/discord/0.0.119/modules/pending/discord_voice-1.zip: 40%
12/16/2025, 3:12:42 PM GMT-3 [Modules] Streaming discord_voice@1 to /home/odin/.config/discord/0.0.119/modules/pending/discord_voice-1.zip: 41%
12/16/2025, 3:12:42 PM GMT-3 [Modules] Streaming discord_voice@1 to /home/odin/.config/discord/0.0.119/modules/pending/discord_voice-1.zip: 42%
12/16/2025, 3:12:42 PM GMT-3 [Modules] Streaming discord_voice@1 to /home/odin/.config/discord/0.0.119/modules/pending/discord_voice-1.zip: 43%
12/16/2025, 3:12:42 PM GMT-3 [Modules] Streaming discord_voice@1 to /home/odin/.config/discord/0.0.119/modules/pending/discord_voice-1.zip: 44%
12/16/2025, 3:12:42 PM GMT-3 [Modules] Streaming discord_voice@1 to /home/odin/.config/discord/0.0.119/modules/pending/discord_voice-1.zip: 45%
12/16/2025, 3:12:42 PM GMT-3 [Modules] Streaming discord_voice@1 to /home/odin/.config/discord/0.0.119/modules/pending/discord_voice-1.zip: 46%
12/16/2025, 3:12:42 PM GMT-3 [Modules] Streaming discord_voice@1 to /home/odin/.config/discord/0.0.119/modules/pending/discord_voice-1.zip: 47%
12/16/2025, 3:12:42 PM GMT-3 [Modules] Streaming discord_voice@1 to /home/odin/.config/discord/0.0.119/modules/pending/discord_voice-1.zip: 48%
12/16/2025, 3:12:42 PM GMT-3 [Modules] Streaming discord_voice@1 to /home/odin/.config/discord/0.0.119/modules/pending/discord_voice-1.zip: 49%
12/16/2025, 3:12:42 PM GMT-3 [Modules] Streaming discord_voice@1 to /home/odin/.config/discord/0.0.119/modules/pending/discord_voice-1.zip: 50%
12/16/2025, 3:12:42 PM GMT-3 [Modules] Streaming discord_voice@1 to /home/odin/.config/discord/0.0.119/modules/pending/discord_voice-1.zip: 51%
12/16/2025, 3:12:42 PM GMT-3 [Modules] Streaming discord_voice@1 to /home/odin/.config/discord/0.0.119/modules/pending/discord_voice-1.zip: 52%
12/16/2025, 3:12:42 PM GMT-3 [Modules] Streaming discord_voice@1 to /home/odin/.config/discord/0.0.119/modules/pending/discord_voice-1.zip: 53%
12/16/2025, 3:12:42 PM GMT-3 [Modules] Streaming discord_voice@1 to /home/odin/.config/discord/0.0.119/modules/pending/discord_voice-1.zip: 54%
12/16/2025, 3:12:42 PM GMT-3 [Modules] Streaming discord_voice@1 to /home/odin/.config/discord/0.0.119/modules/pending/discord_voice-1.zip: 55%
12/16/2025, 3:12:42 PM GMT-3 [Modules] Streaming discord_voice@1 to /home/odin/.config/discord/0.0.119/modules/pending/discord_voice-1.zip: 56%
12/16/2025, 3:12:42 PM GMT-3 [Modules] Streaming discord_voice@1 to /home/odin/.config/discord/0.0.119/modules/pending/discord_voice-1.zip: 57%
12/16/2025, 3:12:42 PM GMT-3 [Modules] Streaming discord_voice@1 to /home/odin/.config/discord/0.0.119/modules/pending/discord_voice-1.zip: 58%
12/16/2025, 3:12:42 PM GMT-3 [Modules] Streaming discord_voice@1 to /home/odin/.config/discord/0.0.119/modules/pending/discord_voice-1.zip: 59%
12/16/2025, 3:12:42 PM GMT-3 [Modules] Streaming discord_voice@1 to /home/odin/.config/discord/0.0.119/modules/pending/discord_voice-1.zip: 60%
12/16/2025, 3:12:42 PM GMT-3 [Modules] Streaming discord_voice@1 to /home/odin/.config/discord/0.0.119/modules/pending/discord_voice-1.zip: 61%
12/16/2025, 3:12:42 PM GMT-3 [Modules] Streaming discord_voice@1 to /home/odin/.config/discord/0.0.119/modules/pending/discord_voice-1.zip: 62%
12/16/2025, 3:12:42 PM GMT-3 [Modules] Streaming discord_voice@1 to /home/odin/.config/discord/0.0.119/modules/pending/discord_voice-1.zip: 63%
12/16/2025, 3:12:42 PM GMT-3 [Modules] Streaming discord_voice@1 to /home/odin/.config/discord/0.0.119/modules/pending/discord_voice-1.zip: 64%
12/16/2025, 3:12:42 PM GMT-3 [Modules] Streaming discord_voice@1 to /home/odin/.config/discord/0.0.119/modules/pending/discord_voice-1.zip: 65%
12/16/2025, 3:12:42 PM GMT-3 [Modules] Streaming discord_voice@1 to /home/odin/.config/discord/0.0.119/modules/pending/discord_voice-1.zip: 66%
12/16/2025, 3:12:42 PM GMT-3 [Modules] Streaming discord_voice@1 to /home/odin/.config/discord/0.0.119/modules/pending/discord_voice-1.zip: 67%
12/16/2025, 3:12:42 PM GMT-3 [Modules] Streaming discord_voice@1 to /home/odin/.config/discord/0.0.119/modules/pending/discord_voice-1.zip: 68%
12/16/2025, 3:12:42 PM GMT-3 [Modules] Streaming discord_voice@1 to /home/odin/.config/discord/0.0.119/modules/pending/discord_voice-1.zip: 69%
12/16/2025, 3:12:42 PM GMT-3 [Modules] Streaming discord_voice@1 to /home/odin/.config/discord/0.0.119/modules/pending/discord_voice-1.zip: 70%
12/16/2025, 3:12:42 PM GMT-3 [Modules] Streaming discord_voice@1 to /home/odin/.config/discord/0.0.119/modules/pending/discord_voice-1.zip: 71%
12/16/2025, 3:12:42 PM GMT-3 [Modules] Streaming discord_voice@1 to /home/odin/.config/discord/0.0.119/modules/pending/discord_voice-1.zip: 72%
12/16/2025, 3:12:42 PM GMT-3 [Modules] Streaming discord_voice@1 to /home/odin/.config/discord/0.0.119/modules/pending/discord_voice-1.zip: 73%
12/16/2025, 3:12:42 PM GMT-3 [Modules] Streaming discord_voice@1 to /home/odin/.config/discord/0.0.119/modules/pending/discord_voice-1.zip: 74%
12/16/2025, 3:12:42 PM GMT-3 [Modules] Streaming discord_voice@1 to /home/odin/.config/discord/0.0.119/modules/pending/discord_voice-1.zip: 75%
12/16/2025, 3:12:42 PM GMT-3 [Modules] Streaming discord_voice@1 to /home/odin/.config/discord/0.0.119/modules/pending/discord_voice-1.zip: 76%
12/16/2025, 3:12:42 PM GMT-3 [Modules] Streaming discord_voice@1 to /home/odin/.config/discord/0.0.119/modules/pending/discord_voice-1.zip: 77%
12/16/2025, 3:12:42 PM GMT-3 [Modules] Streaming discord_voice@1 to /home/odin/.config/discord/0.0.119/modules/pending/discord_voice-1.zip: 78%
12/16/2025, 3:12:42 PM GMT-3 [Modules] Streaming discord_voice@1 to /home/odin/.config/discord/0.0.119/modules/pending/discord_voice-1.zip: 79%
12/16/2025, 3:12:42 PM GMT-3 [Modules] Streaming discord_voice@1 to /home/odin/.config/discord/0.0.119/modules/pending/discord_voice-1.zip: 80%
12/16/2025, 3:12:42 PM GMT-3 [Modules] Streaming discord_voice@1 to /home/odin/.config/discord/0.0.119/modules/pending/discord_voice-1.zip: 81%
12/16/2025, 3:12:42 PM GMT-3 [Modules] Streaming discord_voice@1 to /home/odin/.config/discord/0.0.119/modules/pending/discord_voice-1.zip: 82%
12/16/2025, 3:12:42 PM GMT-3 [Modules] Streaming discord_voice@1 to /home/odin/.config/discord/0.0.119/modules/pending/discord_voice-1.zip: 83%
12/16/2025, 3:12:42 PM GMT-3 [Modules] Streaming discord_voice@1 to /home/odin/.config/discord/0.0.119/modules/pending/discord_voice-1.zip: 84%
12/16/2025, 3:12:42 PM GMT-3 [Modules] Streaming discord_voice@1 to /home/odin/.config/discord/0.0.119/modules/pending/discord_voice-1.zip: 85%
12/16/2025, 3:12:42 PM GMT-3 [Modules] Streaming discord_voice@1 to /home/odin/.config/discord/0.0.119/modules/pending/discord_voice-1.zip: 86%
12/16/2025, 3:12:42 PM GMT-3 [Modules] Streaming discord_voice@1 to /home/odin/.config/discord/0.0.119/modules/pending/discord_voice-1.zip: 87%
12/16/2025, 3:12:42 PM GMT-3 [Modules] Streaming discord_voice@1 to /home/odin/.config/discord/0.0.119/modules/pending/discord_voice-1.zip: 88%
12/16/2025, 3:12:42 PM GMT-3 [Modules] Streaming discord_voice@1 to /home/odin/.config/discord/0.0.119/modules/pending/discord_voice-1.zip: 89%
12/16/2025, 3:12:42 PM GMT-3 [Modules] Streaming discord_voice@1 to /home/odin/.config/discord/0.0.119/modules/pending/discord_voice-1.zip: 90%
12/16/2025, 3:12:42 PM GMT-3 [Modules] Streaming discord_voice@1 to /home/odin/.config/discord/0.0.119/modules/pending/discord_voice-1.zip: 91%
12/16/2025, 3:12:42 PM GMT-3 [Modules] Streaming discord_voice@1 to /home/odin/.config/discord/0.0.119/modules/pending/discord_voice-1.zip: 92%
12/16/2025, 3:12:42 PM GMT-3 [Modules] Streaming discord_voice@1 to /home/odin/.config/discord/0.0.119/modules/pending/discord_voice-1.zip: 93%
12/16/2025, 3:12:42 PM GMT-3 [Modules] Streaming discord_voice@1 to /home/odin/.config/discord/0.0.119/modules/pending/discord_voice-1.zip: 94%
12/16/2025, 3:12:42 PM GMT-3 [Modules] Streaming discord_voice@1 to /home/odin/.config/discord/0.0.119/modules/pending/discord_voice-1.zip: 95%
12/16/2025, 3:12:42 PM GMT-3 [Modules] Streaming discord_voice@1 to /home/odin/.config/discord/0.0.119/modules/pending/discord_voice-1.zip: 96%
12/16/2025, 3:12:42 PM GMT-3 [Modules] Streaming discord_voice@1 to /home/odin/.config/discord/0.0.119/modules/pending/discord_voice-1.zip: 97%
12/16/2025, 3:12:42 PM GMT-3 [Modules] Streaming discord_voice@1 to /home/odin/.config/discord/0.0.119/modules/pending/discord_voice-1.zip: 99%
12/16/2025, 3:12:42 PM GMT-3 [Modules] Streaming discord_voice@1 to /home/odin/.config/discord/0.0.119/modules/pending/discord_voice-1.zip: 100%
12/16/2025, 3:12:42 PM GMT-3 [Modules] Fetching discord_zstd@1 from https://discord.com/api/modules/stable/discord_zstd/1
12/16/2025, 3:12:42 PM GMT-3 [Modules] Streaming discord_zstd@1 to /home/odin/.config/discord/0.0.119/modules/pending/discord_zstd-1.zip
12/16/2025, 3:12:42 PM GMT-3 [Modules] Streaming discord_zstd@1 to /home/odin/.config/discord/0.0.119/modules/pending/discord_zstd-1.zip: 10%
12/16/2025, 3:12:42 PM GMT-3 [Modules] Streaming discord_zstd@1 to /home/odin/.config/discord/0.0.119/modules/pending/discord_zstd-1.zip: 28%
12/16/2025, 3:12:42 PM GMT-3 [Modules] Streaming discord_zstd@1 to /home/odin/.config/discord/0.0.119/modules/pending/discord_zstd-1.zip: 60%
12/16/2025, 3:12:42 PM GMT-3 [Modules] Streaming discord_zstd@1 to /home/odin/.config/discord/0.0.119/modules/pending/discord_zstd-1.zip: 69%
12/16/2025, 3:12:42 PM GMT-3 [Modules] Streaming discord_zstd@1 to /home/odin/.config/discord/0.0.119/modules/pending/discord_zstd-1.zip: 73%
12/16/2025, 3:12:42 PM GMT-3 [Modules] Streaming discord_zstd@1 to /home/odin/.config/discord/0.0.119/modules/pending/discord_zstd-1.zip: 79%
12/16/2025, 3:12:42 PM GMT-3 [Modules] Streaming discord_zstd@1 to /home/odin/.config/discord/0.0.119/modules/pending/discord_zstd-1.zip: 90%
12/16/2025, 3:12:42 PM GMT-3 [Modules] Streaming discord_zstd@1 to /home/odin/.config/discord/0.0.119/modules/pending/discord_zstd-1.zip: 100%
12/16/2025, 3:12:42 PM GMT-3 [Modules] Finished module downloads. [success: 6] [failure: 0]
12/16/2025, 3:12:42 PM GMT-3 [Modules] Installing updates...
12/16/2025, 3:12:42 PM GMT-3 [Modules] Installing discord_desktop_core@1 from /home/odin/.config/discord/0.0.119/modules/pending/discord_desktop_core-1.zip
12/16/2025, 3:12:42 PM GMT-3 [Modules] Installing discord_erlpack@1 from /home/odin/.config/discord/0.0.119/modules/pending/discord_erlpack-1.zip
12/16/2025, 3:12:43 PM GMT-3 [Modules] Installing discord_spellcheck@1 from /home/odin/.config/discord/0.0.119/modules/pending/discord_spellcheck-1.zip
12/16/2025, 3:12:44 PM GMT-3 [Modules] Installing discord_utils@1 from /home/odin/.config/discord/0.0.119/modules/pending/discord_utils-1.zip
12/16/2025, 3:12:44 PM GMT-3 [Modules] Installing discord_voice@1 from /home/odin/.config/discord/0.0.119/modules/pending/discord_voice-1.zip
12/16/2025, 3:12:45 PM GMT-3 [Modules] Installing discord_zstd@1 from /home/odin/.config/discord/0.0.119/modules/pending/discord_zstd-1.zip
12/16/2025, 3:12:45 PM GMT-3 [Modules] Finished module installations. [success: 6] [failure: 0]
12/16/2025, 3:12:45 PM GMT-3 [Modules] Checking for host updates.
12/16/2025, 3:12:45 PM GMT-3 [Modules] Host is up to date.
12/16/2025, 3:12:45 PM GMT-3 [Modules] Checking for module updates at https://discord.com/api/modules/stable/versions.json
12/16/2025, 3:12:45 PM GMT-3 [Modules] No module updates available.
12/16/2025, 3:12:50 PM GMT-3 [Modules] Starting to install discord_krisp...
12/16/2025, 3:12:50 PM GMT-3 [Modules] Fetching discord_krisp@1 from https://discord.com/api/modules/stable/discord_krisp/1
12/16/2025, 3:12:50 PM GMT-3 [Modules] Streaming discord_krisp@1 to /home/odin/.config/discord/0.0.119/modules/pending/discord_krisp-1.zip
12/16/2025, 3:12:50 PM GMT-3 [Modules] Starting to install discord_game_utils...
12/16/2025, 3:12:51 PM GMT-3 [Modules] Streaming discord_krisp@1 to /home/odin/.config/discord/0.0.119/modules/pending/discord_krisp-1.zip: 1%
12/16/2025, 3:12:51 PM GMT-3 [Modules] Streaming discord_krisp@1 to /home/odin/.config/discord/0.0.119/modules/pending/discord_krisp-1.zip: 2%
12/16/2025, 3:12:51 PM GMT-3 [Modules] Streaming discord_krisp@1 to /home/odin/.config/discord/0.0.119/modules/pending/discord_krisp-1.zip: 3%
12/16/2025, 3:12:51 PM GMT-3 [Modules] Streaming discord_krisp@1 to /home/odin/.config/discord/0.0.119/modules/pending/discord_krisp-1.zip: 4%
12/16/2025, 3:12:51 PM GMT-3 [Modules] Streaming discord_krisp@1 to /home/odin/.config/discord/0.0.119/modules/pending/discord_krisp-1.zip: 5%
12/16/2025, 3:12:51 PM GMT-3 [Modules] Streaming discord_krisp@1 to /home/odin/.config/discord/0.0.119/modules/pending/discord_krisp-1.zip: 6%
12/16/2025, 3:12:51 PM GMT-3 [Modules] Streaming discord_krisp@1 to /home/odin/.config/discord/0.0.119/modules/pending/discord_krisp-1.zip: 7%
12/16/2025, 3:12:51 PM GMT-3 [Modules] Streaming discord_krisp@1 to /home/odin/.config/discord/0.0.119/modules/pending/discord_krisp-1.zip: 8%
12/16/2025, 3:12:51 PM GMT-3 [Modules] Streaming discord_krisp@1 to /home/odin/.config/discord/0.0.119/modules/pending/discord_krisp-1.zip: 9%
12/16/2025, 3:12:51 PM GMT-3 [Modules] Streaming discord_krisp@1 to /home/odin/.config/discord/0.0.119/modules/pending/discord_krisp-1.zip: 10%
12/16/2025, 3:12:51 PM GMT-3 [Modules] Streaming discord_krisp@1 to /home/odin/.config/discord/0.0.119/modules/pending/discord_krisp-1.zip: 11%
12/16/2025, 3:12:51 PM GMT-3 [Modules] Streaming discord_krisp@1 to /home/odin/.config/discord/0.0.119/modules/pending/discord_krisp-1.zip: 12%
12/16/2025, 3:12:51 PM GMT-3 [Modules] Streaming discord_krisp@1 to /home/odin/.config/discord/0.0.119/modules/pending/discord_krisp-1.zip: 13%
12/16/2025, 3:12:51 PM GMT-3 [Modules] Streaming discord_krisp@1 to /home/odin/.config/discord/0.0.119/modules/pending/discord_krisp-1.zip: 14%
12/16/2025, 3:12:51 PM GMT-3 [Modules] Streaming discord_krisp@1 to /home/odin/.config/discord/0.0.119/modules/pending/discord_krisp-1.zip: 15%
12/16/2025, 3:12:51 PM GMT-3 [Modules] Streaming discord_krisp@1 to /home/odin/.config/discord/0.0.119/modules/pending/discord_krisp-1.zip: 16%
12/16/2025, 3:12:51 PM GMT-3 [Modules] Streaming discord_krisp@1 to /home/odin/.config/discord/0.0.119/modules/pending/discord_krisp-1.zip: 17%
12/16/2025, 3:12:51 PM GMT-3 [Modules] Streaming discord_krisp@1 to /home/odin/.config/discord/0.0.119/modules/pending/discord_krisp-1.zip: 18%
12/16/2025, 3:12:51 PM GMT-3 [Modules] Streaming discord_krisp@1 to /home/odin/.config/discord/0.0.119/modules/pending/discord_krisp-1.zip: 19%
12/16/2025, 3:12:51 PM GMT-3 [Modules] Streaming discord_krisp@1 to /home/odin/.config/discord/0.0.119/modules/pending/discord_krisp-1.zip: 20%
12/16/2025, 3:12:51 PM GMT-3 [Modules] Streaming discord_krisp@1 to /home/odin/.config/discord/0.0.119/modules/pending/discord_krisp-1.zip: 21%
12/16/2025, 3:12:52 PM GMT-3 [Modules] Streaming discord_krisp@1 to /home/odin/.config/discord/0.0.119/modules/pending/discord_krisp-1.zip: 22%
12/16/2025, 3:12:52 PM GMT-3 [Modules] Streaming discord_krisp@1 to /home/odin/.config/discord/0.0.119/modules/pending/discord_krisp-1.zip: 23%
12/16/2025, 3:12:52 PM GMT-3 [Modules] Streaming discord_krisp@1 to /home/odin/.config/discord/0.0.119/modules/pending/discord_krisp-1.zip: 24%
12/16/2025, 3:12:52 PM GMT-3 [Modules] Streaming discord_krisp@1 to /home/odin/.config/discord/0.0.119/modules/pending/discord_krisp-1.zip: 25%
12/16/2025, 3:12:52 PM GMT-3 [Modules] Streaming discord_krisp@1 to /home/odin/.config/discord/0.0.119/modules/pending/discord_krisp-1.zip: 26%
12/16/2025, 3:12:52 PM GMT-3 [Modules] Streaming discord_krisp@1 to /home/odin/.config/discord/0.0.119/modules/pending/discord_krisp-1.zip: 27%
12/16/2025, 3:12:52 PM GMT-3 [Modules] Streaming discord_krisp@1 to /home/odin/.config/discord/0.0.119/modules/pending/discord_krisp-1.zip: 28%
12/16/2025, 3:12:52 PM GMT-3 [Modules] Streaming discord_krisp@1 to /home/odin/.config/discord/0.0.119/modules/pending/discord_krisp-1.zip: 29%
12/16/2025, 3:12:52 PM GMT-3 [Modules] Streaming discord_krisp@1 to /home/odin/.config/discord/0.0.119/modules/pending/discord_krisp-1.zip: 30%
12/16/2025, 3:12:52 PM GMT-3 [Modules] Streaming discord_krisp@1 to /home/odin/.config/discord/0.0.119/modules/pending/discord_krisp-1.zip: 31%
12/16/2025, 3:12:52 PM GMT-3 [Modules] Streaming discord_krisp@1 to /home/odin/.config/discord/0.0.119/modules/pending/discord_krisp-1.zip: 32%
12/16/2025, 3:12:52 PM GMT-3 [Modules] Streaming discord_krisp@1 to /home/odin/.config/discord/0.0.119/modules/pending/discord_krisp-1.zip: 33%
12/16/2025, 3:12:52 PM GMT-3 [Modules] Streaming discord_krisp@1 to /home/odin/.config/discord/0.0.119/modules/pending/discord_krisp-1.zip: 34%
12/16/2025, 3:12:52 PM GMT-3 [Modules] Streaming discord_krisp@1 to /home/odin/.config/discord/0.0.119/modules/pending/discord_krisp-1.zip: 35%
12/16/2025, 3:12:52 PM GMT-3 [Modules] Streaming discord_krisp@1 to /home/odin/.config/discord/0.0.119/modules/pending/discord_krisp-1.zip: 36%
12/16/2025, 3:12:52 PM GMT-3 [Modules] Streaming discord_krisp@1 to /home/odin/.config/discord/0.0.119/modules/pending/discord_krisp-1.zip: 37%
12/16/2025, 3:12:52 PM GMT-3 [Modules] Streaming discord_krisp@1 to /home/odin/.config/discord/0.0.119/modules/pending/discord_krisp-1.zip: 38%
12/16/2025, 3:12:52 PM GMT-3 [Modules] Streaming discord_krisp@1 to /home/odin/.config/discord/0.0.119/modules/pending/discord_krisp-1.zip: 39%
12/16/2025, 3:12:52 PM GMT-3 [Modules] Streaming discord_krisp@1 to /home/odin/.config/discord/0.0.119/modules/pending/discord_krisp-1.zip: 40%
12/16/2025, 3:12:52 PM GMT-3 [Modules] Streaming discord_krisp@1 to /home/odin/.config/discord/0.0.119/modules/pending/discord_krisp-1.zip: 41%
12/16/2025, 3:12:52 PM GMT-3 [Modules] Streaming discord_krisp@1 to /home/odin/.config/discord/0.0.119/modules/pending/discord_krisp-1.zip: 42%
12/16/2025, 3:12:52 PM GMT-3 [Modules] Streaming discord_krisp@1 to /home/odin/.config/discord/0.0.119/modules/pending/discord_krisp-1.zip: 43%
12/16/2025, 3:12:52 PM GMT-3 [Modules] Streaming discord_krisp@1 to /home/odin/.config/discord/0.0.119/modules/pending/discord_krisp-1.zip: 44%
12/16/2025, 3:12:52 PM GMT-3 [Modules] Streaming discord_krisp@1 to /home/odin/.config/discord/0.0.119/modules/pending/discord_krisp-1.zip: 45%
12/16/2025, 3:12:52 PM GMT-3 [Modules] Streaming discord_krisp@1 to /home/odin/.config/discord/0.0.119/modules/pending/discord_krisp-1.zip: 46%
12/16/2025, 3:12:52 PM GMT-3 [Modules] Streaming discord_krisp@1 to /home/odin/.config/discord/0.0.119/modules/pending/discord_krisp-1.zip: 47%
12/16/2025, 3:12:52 PM GMT-3 [Modules] Streaming discord_krisp@1 to /home/odin/.config/discord/0.0.119/modules/pending/discord_krisp-1.zip: 48%
12/16/2025, 3:12:52 PM GMT-3 [Modules] Streaming discord_krisp@1 to /home/odin/.config/discord/0.0.119/modules/pending/discord_krisp-1.zip: 49%
12/16/2025, 3:12:52 PM GMT-3 [Modules] Streaming discord_krisp@1 to /home/odin/.config/discord/0.0.119/modules/pending/discord_krisp-1.zip: 50%
12/16/2025, 3:12:52 PM GMT-3 [Modules] Streaming discord_krisp@1 to /home/odin/.config/discord/0.0.119/modules/pending/discord_krisp-1.zip: 51%
12/16/2025, 3:12:52 PM GMT-3 [Modules] Streaming discord_krisp@1 to /home/odin/.config/discord/0.0.119/modules/pending/discord_krisp-1.zip: 52%
12/16/2025, 3:12:52 PM GMT-3 [Modules] Streaming discord_krisp@1 to /home/odin/.config/discord/0.0.119/modules/pending/discord_krisp-1.zip: 53%
12/16/2025, 3:12:52 PM GMT-3 [Modules] Streaming discord_krisp@1 to /home/odin/.config/discord/0.0.119/modules/pending/discord_krisp-1.zip: 54%
12/16/2025, 3:12:52 PM GMT-3 [Modules] Streaming discord_krisp@1 to /home/odin/.config/discord/0.0.119/modules/pending/discord_krisp-1.zip: 55%
12/16/2025, 3:12:52 PM GMT-3 [Modules] Streaming discord_krisp@1 to /home/odin/.config/discord/0.0.119/modules/pending/discord_krisp-1.zip: 56%
12/16/2025, 3:12:52 PM GMT-3 [Modules] Streaming discord_krisp@1 to /home/odin/.config/discord/0.0.119/modules/pending/discord_krisp-1.zip: 57%
12/16/2025, 3:12:52 PM GMT-3 [Modules] Streaming discord_krisp@1 to /home/odin/.config/discord/0.0.119/modules/pending/discord_krisp-1.zip: 58%
12/16/2025, 3:12:52 PM GMT-3 [Modules] Streaming discord_krisp@1 to /home/odin/.config/discord/0.0.119/modules/pending/discord_krisp-1.zip: 59%
12/16/2025, 3:12:52 PM GMT-3 [Modules] Streaming discord_krisp@1 to /home/odin/.config/discord/0.0.119/modules/pending/discord_krisp-1.zip: 60%
12/16/2025, 3:12:52 PM GMT-3 [Modules] Streaming discord_krisp@1 to /home/odin/.config/discord/0.0.119/modules/pending/discord_krisp-1.zip: 61%
12/16/2025, 3:12:52 PM GMT-3 [Modules] Streaming discord_krisp@1 to /home/odin/.config/discord/0.0.119/modules/pending/discord_krisp-1.zip: 62%
12/16/2025, 3:12:52 PM GMT-3 [Modules] Streaming discord_krisp@1 to /home/odin/.config/discord/0.0.119/modules/pending/discord_krisp-1.zip: 63%
12/16/2025, 3:12:52 PM GMT-3 [Modules] Streaming discord_krisp@1 to /home/odin/.config/discord/0.0.119/modules/pending/discord_krisp-1.zip: 64%
12/16/2025, 3:12:52 PM GMT-3 [Modules] Streaming discord_krisp@1 to /home/odin/.config/discord/0.0.119/modules/pending/discord_krisp-1.zip: 65%
12/16/2025, 3:12:52 PM GMT-3 [Modules] Streaming discord_krisp@1 to /home/odin/.config/discord/0.0.119/modules/pending/discord_krisp-1.zip: 66%
12/16/2025, 3:12:52 PM GMT-3 [Modules] Streaming discord_krisp@1 to /home/odin/.config/discord/0.0.119/modules/pending/discord_krisp-1.zip: 67%
12/16/2025, 3:12:52 PM GMT-3 [Modules] Streaming discord_krisp@1 to /home/odin/.config/discord/0.0.119/modules/pending/discord_krisp-1.zip: 68%
12/16/2025, 3:12:52 PM GMT-3 [Modules] Streaming discord_krisp@1 to /home/odin/.config/discord/0.0.119/modules/pending/discord_krisp-1.zip: 69%
12/16/2025, 3:12:52 PM GMT-3 [Modules] Streaming discord_krisp@1 to /home/odin/.config/discord/0.0.119/modules/pending/discord_krisp-1.zip: 70%
12/16/2025, 3:12:52 PM GMT-3 [Modules] Streaming discord_krisp@1 to /home/odin/.config/discord/0.0.119/modules/pending/discord_krisp-1.zip: 71%
12/16/2025, 3:12:52 PM GMT-3 [Modules] Streaming discord_krisp@1 to /home/odin/.config/discord/0.0.119/modules/pending/discord_krisp-1.zip: 72%
12/16/2025, 3:12:52 PM GMT-3 [Modules] Streaming discord_krisp@1 to /home/odin/.config/discord/0.0.119/modules/pending/discord_krisp-1.zip: 73%
12/16/2025, 3:12:52 PM GMT-3 [Modules] Streaming discord_krisp@1 to /home/odin/.config/discord/0.0.119/modules/pending/discord_krisp-1.zip: 74%
12/16/2025, 3:12:52 PM GMT-3 [Modules] Streaming discord_krisp@1 to /home/odin/.config/discord/0.0.119/modules/pending/discord_krisp-1.zip: 75%
12/16/2025, 3:12:52 PM GMT-3 [Modules] Streaming discord_krisp@1 to /home/odin/.config/discord/0.0.119/modules/pending/discord_krisp-1.zip: 76%
12/16/2025, 3:12:52 PM GMT-3 [Modules] Streaming discord_krisp@1 to /home/odin/.config/discord/0.0.119/modules/pending/discord_krisp-1.zip: 77%
12/16/2025, 3:12:52 PM GMT-3 [Modules] Streaming discord_krisp@1 to /home/odin/.config/discord/0.0.119/modules/pending/discord_krisp-1.zip: 78%
12/16/2025, 3:12:52 PM GMT-3 [Modules] Streaming discord_krisp@1 to /home/odin/.config/discord/0.0.119/modules/pending/discord_krisp-1.zip: 79%
12/16/2025, 3:12:52 PM GMT-3 [Modules] Streaming discord_krisp@1 to /home/odin/.config/discord/0.0.119/modules/pending/discord_krisp-1.zip: 80%
12/16/2025, 3:12:52 PM GMT-3 [Modules] Streaming discord_krisp@1 to /home/odin/.config/discord/0.0.119/modules/pending/discord_krisp-1.zip: 81%
12/16/2025, 3:12:52 PM GMT-3 [Modules] Streaming discord_krisp@1 to /home/odin/.config/discord/0.0.119/modules/pending/discord_krisp-1.zip: 82%
12/16/2025, 3:12:52 PM GMT-3 [Modules] Streaming discord_krisp@1 to /home/odin/.config/discord/0.0.119/modules/pending/discord_krisp-1.zip: 83%
12/16/2025, 3:12:52 PM GMT-3 [Modules] Streaming discord_krisp@1 to /home/odin/.config/discord/0.0.119/modules/pending/discord_krisp-1.zip: 84%
12/16/2025, 3:12:52 PM GMT-3 [Modules] Streaming discord_krisp@1 to /home/odin/.config/discord/0.0.119/modules/pending/discord_krisp-1.zip: 85%
12/16/2025, 3:12:52 PM GMT-3 [Modules] Streaming discord_krisp@1 to /home/odin/.config/discord/0.0.119/modules/pending/discord_krisp-1.zip: 86%
12/16/2025, 3:12:52 PM GMT-3 [Modules] Streaming discord_krisp@1 to /home/odin/.config/discord/0.0.119/modules/pending/discord_krisp-1.zip: 87%
12/16/2025, 3:12:53 PM GMT-3 [Modules] Streaming discord_krisp@1 to /home/odin/.config/discord/0.0.119/modules/pending/discord_krisp-1.zip: 88%
12/16/2025, 3:12:53 PM GMT-3 [Modules] Starting to install discord_rpc...
12/16/2025, 3:12:53 PM GMT-3 [Modules] Streaming discord_krisp@1 to /home/odin/.config/discord/0.0.119/modules/pending/discord_krisp-1.zip: 89%
12/16/2025, 3:12:53 PM GMT-3 [Modules] Streaming discord_krisp@1 to /home/odin/.config/discord/0.0.119/modules/pending/discord_krisp-1.zip: 90%
12/16/2025, 3:12:53 PM GMT-3 [Modules] Streaming discord_krisp@1 to /home/odin/.config/discord/0.0.119/modules/pending/discord_krisp-1.zip: 91%
12/16/2025, 3:12:53 PM GMT-3 [Modules] Streaming discord_krisp@1 to /home/odin/.config/discord/0.0.119/modules/pending/discord_krisp-1.zip: 92%
12/16/2025, 3:12:53 PM GMT-3 [Modules] Streaming discord_krisp@1 to /home/odin/.config/discord/0.0.119/modules/pending/discord_krisp-1.zip: 93%
12/16/2025, 3:12:53 PM GMT-3 [Modules] Streaming discord_krisp@1 to /home/odin/.config/discord/0.0.119/modules/pending/discord_krisp-1.zip: 94%
12/16/2025, 3:12:53 PM GMT-3 [Modules] Streaming discord_krisp@1 to /home/odin/.config/discord/0.0.119/modules/pending/discord_krisp-1.zip: 95%
12/16/2025, 3:12:53 PM GMT-3 [Modules] Streaming discord_krisp@1 to /home/odin/.config/discord/0.0.119/modules/pending/discord_krisp-1.zip: 96%
12/16/2025, 3:12:53 PM GMT-3 [Modules] Streaming discord_krisp@1 to /home/odin/.config/discord/0.0.119/modules/pending/discord_krisp-1.zip: 97%
12/16/2025, 3:12:53 PM GMT-3 [Modules] Streaming discord_krisp@1 to /home/odin/.config/discord/0.0.119/modules/pending/discord_krisp-1.zip: 98%
12/16/2025, 3:12:53 PM GMT-3 [Modules] Streaming discord_krisp@1 to /home/odin/.config/discord/0.0.119/modules/pending/discord_krisp-1.zip: 99%
12/16/2025, 3:12:53 PM GMT-3 [Modules] Streaming discord_krisp@1 to /home/odin/.config/discord/0.0.119/modules/pending/discord_krisp-1.zip: 100%
12/16/2025, 3:12:53 PM GMT-3 [Modules] Fetching discord_game_utils@1 from https://discord.com/api/modules/stable/discord_game_utils/1
12/16/2025, 3:12:53 PM GMT-3 [Modules] Streaming discord_game_utils@1 to /home/odin/.config/discord/0.0.119/modules/pending/discord_game_utils-1.zip
12/16/2025, 3:12:53 PM GMT-3 [Modules] Installing discord_krisp@1 from /home/odin/.config/discord/0.0.119/modules/pending/discord_krisp-1.zip
12/16/2025, 3:12:53 PM GMT-3 [Modules] Streaming discord_game_utils@1 to /home/odin/.config/discord/0.0.119/modules/pending/discord_game_utils-1.zip: 1%
12/16/2025, 3:12:53 PM GMT-3 [Modules] Streaming discord_game_utils@1 to /home/odin/.config/discord/0.0.119/modules/pending/discord_game_utils-1.zip: 6%
12/16/2025, 3:12:53 PM GMT-3 [Modules] Streaming discord_game_utils@1 to /home/odin/.config/discord/0.0.119/modules/pending/discord_game_utils-1.zip: 7%
12/16/2025, 3:12:53 PM GMT-3 [Modules] Streaming discord_game_utils@1 to /home/odin/.config/discord/0.0.119/modules/pending/discord_game_utils-1.zip: 9%
12/16/2025, 3:12:53 PM GMT-3 [Modules] Streaming discord_game_utils@1 to /home/odin/.config/discord/0.0.119/modules/pending/discord_game_utils-1.zip: 10%
12/16/2025, 3:12:53 PM GMT-3 [Modules] Streaming discord_game_utils@1 to /home/odin/.config/discord/0.0.119/modules/pending/discord_game_utils-1.zip: 12%
12/16/2025, 3:12:53 PM GMT-3 [Modules] Streaming discord_game_utils@1 to /home/odin/.config/discord/0.0.119/modules/pending/discord_game_utils-1.zip: 15%
12/16/2025, 3:12:53 PM GMT-3 [Modules] Streaming discord_game_utils@1 to /home/odin/.config/discord/0.0.119/modules/pending/discord_game_utils-1.zip: 16%
12/16/2025, 3:12:53 PM GMT-3 [Modules] Streaming discord_game_utils@1 to /home/odin/.config/discord/0.0.119/modules/pending/discord_game_utils-1.zip: 17%
12/16/2025, 3:12:53 PM GMT-3 [Modules] Streaming discord_game_utils@1 to /home/odin/.config/discord/0.0.119/modules/pending/discord_game_utils-1.zip: 19%
12/16/2025, 3:12:53 PM GMT-3 [Modules] Streaming discord_game_utils@1 to /home/odin/.config/discord/0.0.119/modules/pending/discord_game_utils-1.zip: 22%
12/16/2025, 3:12:53 PM GMT-3 [Modules] Streaming discord_game_utils@1 to /home/odin/.config/discord/0.0.119/modules/pending/discord_game_utils-1.zip: 23%
12/16/2025, 3:12:53 PM GMT-3 [Modules] Streaming discord_game_utils@1 to /home/odin/.config/discord/0.0.119/modules/pending/discord_game_utils-1.zip: 25%
12/16/2025, 3:12:53 PM GMT-3 [Modules] Streaming discord_game_utils@1 to /home/odin/.config/discord/0.0.119/modules/pending/discord_game_utils-1.zip: 26%
12/16/2025, 3:12:53 PM GMT-3 [Modules] Streaming discord_game_utils@1 to /home/odin/.config/discord/0.0.119/modules/pending/discord_game_utils-1.zip: 28%
12/16/2025, 3:12:53 PM GMT-3 [Modules] Streaming discord_game_utils@1 to /home/odin/.config/discord/0.0.119/modules/pending/discord_game_utils-1.zip: 29%
12/16/2025, 3:12:53 PM GMT-3 [Modules] Streaming discord_game_utils@1 to /home/odin/.config/discord/0.0.119/modules/pending/discord_game_utils-1.zip: 30%
12/16/2025, 3:12:53 PM GMT-3 [Modules] Streaming discord_game_utils@1 to /home/odin/.config/discord/0.0.119/modules/pending/discord_game_utils-1.zip: 31%
12/16/2025, 3:12:53 PM GMT-3 [Modules] Streaming discord_game_utils@1 to /home/odin/.config/discord/0.0.119/modules/pending/discord_game_utils-1.zip: 32%
12/16/2025, 3:12:53 PM GMT-3 [Modules] Streaming discord_game_utils@1 to /home/odin/.config/discord/0.0.119/modules/pending/discord_game_utils-1.zip: 34%
12/16/2025, 3:12:53 PM GMT-3 [Modules] Streaming discord_game_utils@1 to /home/odin/.config/discord/0.0.119/modules/pending/discord_game_utils-1.zip: 35%
12/16/2025, 3:12:53 PM GMT-3 [Modules] Streaming discord_game_utils@1 to /home/odin/.config/discord/0.0.119/modules/pending/discord_game_utils-1.zip: 36%
12/16/2025, 3:12:53 PM GMT-3 [Modules] Streaming discord_game_utils@1 to /home/odin/.config/discord/0.0.119/modules/pending/discord_game_utils-1.zip: 39%
12/16/2025, 3:12:53 PM GMT-3 [Modules] Streaming discord_game_utils@1 to /home/odin/.config/discord/0.0.119/modules/pending/discord_game_utils-1.zip: 41%
12/16/2025, 3:12:53 PM GMT-3 [Modules] Streaming discord_game_utils@1 to /home/odin/.config/discord/0.0.119/modules/pending/discord_game_utils-1.zip: 43%
12/16/2025, 3:12:53 PM GMT-3 [Modules] Streaming discord_game_utils@1 to /home/odin/.config/discord/0.0.119/modules/pending/discord_game_utils-1.zip: 44%
12/16/2025, 3:12:53 PM GMT-3 [Modules] Streaming discord_game_utils@1 to /home/odin/.config/discord/0.0.119/modules/pending/discord_game_utils-1.zip: 45%
12/16/2025, 3:12:53 PM GMT-3 [Modules] Streaming discord_game_utils@1 to /home/odin/.config/discord/0.0.119/modules/pending/discord_game_utils-1.zip: 47%
12/16/2025, 3:12:53 PM GMT-3 [Modules] Streaming discord_game_utils@1 to /home/odin/.config/discord/0.0.119/modules/pending/discord_game_utils-1.zip: 48%
12/16/2025, 3:12:53 PM GMT-3 [Modules] Streaming discord_game_utils@1 to /home/odin/.config/discord/0.0.119/modules/pending/discord_game_utils-1.zip: 49%
12/16/2025, 3:12:53 PM GMT-3 [Modules] Streaming discord_game_utils@1 to /home/odin/.config/discord/0.0.119/modules/pending/discord_game_utils-1.zip: 51%
12/16/2025, 3:12:53 PM GMT-3 [Modules] Streaming discord_game_utils@1 to /home/odin/.config/discord/0.0.119/modules/pending/discord_game_utils-1.zip: 52%
12/16/2025, 3:12:53 PM GMT-3 [Modules] Streaming discord_game_utils@1 to /home/odin/.config/discord/0.0.119/modules/pending/discord_game_utils-1.zip: 53%
12/16/2025, 3:12:53 PM GMT-3 [Modules] Streaming discord_game_utils@1 to /home/odin/.config/discord/0.0.119/modules/pending/discord_game_utils-1.zip: 55%
12/16/2025, 3:12:53 PM GMT-3 [Modules] Streaming discord_game_utils@1 to /home/odin/.config/discord/0.0.119/modules/pending/discord_game_utils-1.zip: 56%
12/16/2025, 3:12:53 PM GMT-3 [Modules] Streaming discord_game_utils@1 to /home/odin/.config/discord/0.0.119/modules/pending/discord_game_utils-1.zip: 57%
12/16/2025, 3:12:53 PM GMT-3 [Modules] Streaming discord_game_utils@1 to /home/odin/.config/discord/0.0.119/modules/pending/discord_game_utils-1.zip: 58%
12/16/2025, 3:12:53 PM GMT-3 [Modules] Streaming discord_game_utils@1 to /home/odin/.config/discord/0.0.119/modules/pending/discord_game_utils-1.zip: 59%
12/16/2025, 3:12:53 PM GMT-3 [Modules] Streaming discord_game_utils@1 to /home/odin/.config/discord/0.0.119/modules/pending/discord_game_utils-1.zip: 63%
12/16/2025, 3:12:53 PM GMT-3 [Modules] Streaming discord_game_utils@1 to /home/odin/.config/discord/0.0.119/modules/pending/discord_game_utils-1.zip: 64%
12/16/2025, 3:12:53 PM GMT-3 [Modules] Streaming discord_game_utils@1 to /home/odin/.config/discord/0.0.119/modules/pending/discord_game_utils-1.zip: 65%
12/16/2025, 3:12:53 PM GMT-3 [Modules] Streaming discord_game_utils@1 to /home/odin/.config/discord/0.0.119/modules/pending/discord_game_utils-1.zip: 66%
12/16/2025, 3:12:53 PM GMT-3 [Modules] Streaming discord_game_utils@1 to /home/odin/.config/discord/0.0.119/modules/pending/discord_game_utils-1.zip: 67%
12/16/2025, 3:12:53 PM GMT-3 [Modules] Streaming discord_game_utils@1 to /home/odin/.config/discord/0.0.119/modules/pending/discord_game_utils-1.zip: 69%
12/16/2025, 3:12:53 PM GMT-3 [Modules] Streaming discord_game_utils@1 to /home/odin/.config/discord/0.0.119/modules/pending/discord_game_utils-1.zip: 70%
12/16/2025, 3:12:53 PM GMT-3 [Modules] Streaming discord_game_utils@1 to /home/odin/.config/discord/0.0.119/modules/pending/discord_game_utils-1.zip: 71%
12/16/2025, 3:12:53 PM GMT-3 [Modules] Streaming discord_game_utils@1 to /home/odin/.config/discord/0.0.119/modules/pending/discord_game_utils-1.zip: 73%
12/16/2025, 3:12:53 PM GMT-3 [Modules] Streaming discord_game_utils@1 to /home/odin/.config/discord/0.0.119/modules/pending/discord_game_utils-1.zip: 77%
12/16/2025, 3:12:53 PM GMT-3 [Modules] Streaming discord_game_utils@1 to /home/odin/.config/discord/0.0.119/modules/pending/discord_game_utils-1.zip: 78%
12/16/2025, 3:12:53 PM GMT-3 [Modules] Streaming discord_game_utils@1 to /home/odin/.config/discord/0.0.119/modules/pending/discord_game_utils-1.zip: 81%
12/16/2025, 3:12:53 PM GMT-3 [Modules] Streaming discord_game_utils@1 to /home/odin/.config/discord/0.0.119/modules/pending/discord_game_utils-1.zip: 82%
12/16/2025, 3:12:53 PM GMT-3 [Modules] Streaming discord_game_utils@1 to /home/odin/.config/discord/0.0.119/modules/pending/discord_game_utils-1.zip: 83%
12/16/2025, 3:12:53 PM GMT-3 [Modules] Streaming discord_game_utils@1 to /home/odin/.config/discord/0.0.119/modules/pending/discord_game_utils-1.zip: 85%
12/16/2025, 3:12:53 PM GMT-3 [Modules] Streaming discord_game_utils@1 to /home/odin/.config/discord/0.0.119/modules/pending/discord_game_utils-1.zip: 86%
12/16/2025, 3:12:53 PM GMT-3 [Modules] Streaming discord_game_utils@1 to /home/odin/.config/discord/0.0.119/modules/pending/discord_game_utils-1.zip: 87%
12/16/2025, 3:12:53 PM GMT-3 [Modules] Streaming discord_game_utils@1 to /home/odin/.config/discord/0.0.119/modules/pending/discord_game_utils-1.zip: 89%
12/16/2025, 3:12:53 PM GMT-3 [Modules] Streaming discord_game_utils@1 to /home/odin/.config/discord/0.0.119/modules/pending/discord_game_utils-1.zip: 90%
12/16/2025, 3:12:53 PM GMT-3 [Modules] Streaming discord_game_utils@1 to /home/odin/.config/discord/0.0.119/modules/pending/discord_game_utils-1.zip: 91%
12/16/2025, 3:12:53 PM GMT-3 [Modules] Streaming discord_game_utils@1 to /home/odin/.config/discord/0.0.119/modules/pending/discord_game_utils-1.zip: 93%
12/16/2025, 3:12:53 PM GMT-3 [Modules] Streaming discord_game_utils@1 to /home/odin/.config/discord/0.0.119/modules/pending/discord_game_utils-1.zip: 97%
12/16/2025, 3:12:53 PM GMT-3 [Modules] Streaming discord_game_utils@1 to /home/odin/.config/discord/0.0.119/modules/pending/discord_game_utils-1.zip: 98%
12/16/2025, 3:12:53 PM GMT-3 [Modules] Streaming discord_game_utils@1 to /home/odin/.config/discord/0.0.119/modules/pending/discord_game_utils-1.zip: 100%
12/16/2025, 3:12:53 PM GMT-3 [Modules] Fetching discord_rpc@1 from https://discord.com/api/modules/stable/discord_rpc/1
12/16/2025, 3:12:53 PM GMT-3 [Modules] Streaming discord_rpc@1 to /home/odin/.config/discord/0.0.119/modules/pending/discord_rpc-1.zip
12/16/2025, 3:12:53 PM GMT-3 [Modules] Streaming discord_rpc@1 to /home/odin/.config/discord/0.0.119/modules/pending/discord_rpc-1.zip: 100%
12/16/2025, 3:12:53 PM GMT-3 [Modules] Finished module downloads. [success: 3] [failure: 0]
12/16/2025, 3:12:54 PM GMT-3 [Modules] Installing discord_game_utils@1 from /home/odin/.config/discord/0.0.119/modules/pending/discord_game_utils-1.zip
12/16/2025, 3:12:54 PM GMT-3 [Modules] Installing discord_rpc@1 from /home/odin/.config/discord/0.0.119/modules/pending/discord_rpc-1.zip
12/16/2025, 3:12:54 PM GMT-3 [Modules] Finished module installations. [success: 3] [failure: 0]
12/16/2025, 3:15:32 PM GMT-3 [Modules] Checking for host updates.
12/16/2025, 3:15:32 PM GMT-3 [Modules] Host is up to date.
12/16/2025, 3:15:32 PM GMT-3 [Modules] Checking for module updates at https://discord.com/api/modules/stable/versions.json
12/16/2025, 3:15:32 PM GMT-3 [Modules] No module updates available.
12/16/2025, 5:04:40 PM GMT-3 [Modules] Modules initializing
12/16/2025, 5:04:40 PM GMT-3 [Modules] Distribution: remote
12/16/2025, 5:04:40 PM GMT-3 [Modules] Host updates: enabled
12/16/2025, 5:04:40 PM GMT-3 [Modules] Module updates: enabled
12/16/2025, 5:04:40 PM GMT-3 [Modules] Module install path: /home/odin/.config/discord/0.0.119/modules
12/16/2025, 5:04:40 PM GMT-3 [Modules] Module installed file path: /home/odin/.config/discord/0.0.119/modules/installed.json
12/16/2025, 5:04:40 PM GMT-3 [Modules] Module download path: /home/odin/.config/discord/0.0.119/modules/pending
12/16/2025, 5:04:40 PM GMT-3 [Modules] No updates to install
12/16/2025, 5:04:40 PM GMT-3 [Modules] Checking for host updates.
12/16/2025, 5:04:40 PM GMT-3 [Modules] Host is up to date.
12/16/2025, 5:04:40 PM GMT-3 [Modules] Checking for module updates at https://discord.com/api/modules/stable/versions.json
12/16/2025, 5:04:40 PM GMT-3 [Modules] No module updates available.
12/16/2025, 5:04:52 PM GMT-3 [Modules] Checking for host updates.
12/16/2025, 5:04:52 PM GMT-3 [Modules] Host is up to date.
12/16/2025, 5:04:52 PM GMT-3 [Modules] Checking for module updates at https://discord.com/api/modules/stable/versions.json
12/16/2025, 5:04:52 PM GMT-3 [Modules] No module updates available.
12/16/2025, 6:04:52 PM GMT-3 [Modules] Checking for host updates.
12/16/2025, 6:04:52 PM GMT-3 [Modules] Host is up to date.
12/16/2025, 6:04:52 PM GMT-3 [Modules] Checking for module updates at https://discord.com/api/modules/stable/versions.json
12/16/2025, 6:04:52 PM GMT-3 [Modules] No module updates available.
12/16/2025, 7:04:52 PM GMT-3 [Modules] Checking for host updates.
12/16/2025, 7:04:52 PM GMT-3 [Modules] Host is up to date.
12/16/2025, 7:04:52 PM GMT-3 [Modules] Checking for module updates at https://discord.com/api/modules/stable/versions.json
12/16/2025, 7:04:52 PM GMT-3 [Modules] No module updates available.
12/16/2025, 7:44:45 PM GMT-3 [Modules] Checking for host updates.
12/16/2025, 7:44:45 PM GMT-3 [Modules] Host is up to date.
12/16/2025, 7:44:45 PM GMT-3 [Modules] Checking for module updates at https://discord.com/api/modules/stable/versions.json
12/16/2025, 7:44:45 PM GMT-3 [Modules] No module updates available.
12/17/2025, 5:40:27 PM GMT-3 [Modules] Checking for host updates.
12/17/2025, 5:40:27 PM GMT-3 [Modules] Host is up to date.
12/17/2025, 5:40:27 PM GMT-3 [Modules] Checking for module updates at https://discord.com/api/modules/stable/versions.json
12/17/2025, 5:40:27 PM GMT-3 [Modules] No module updates available.
12/20/2025, 6:56:48 PM GMT-3 [Modules] Modules initializing
12/20/2025, 6:56:48 PM GMT-3 [Modules] Distribution: remote
12/20/2025, 6:56:48 PM GMT-3 [Modules] Host updates: enabled
12/20/2025, 6:56:48 PM GMT-3 [Modules] Module updates: enabled
12/20/2025, 6:56:48 PM GMT-3 [Modules] Module install path: /home/odin/.config/discord/0.0.119/modules
12/20/2025, 6:56:48 PM GMT-3 [Modules] Module installed file path: /home/odin/.config/discord/0.0.119/modules/installed.json
12/20/2025, 6:56:48 PM GMT-3 [Modules] Module download path: /home/odin/.config/discord/0.0.119/modules/pending
12/20/2025, 6:56:49 PM GMT-3 [Modules] No updates to install
12/20/2025, 6:56:49 PM GMT-3 [Modules] Checking for host updates.
12/20/2025, 6:56:49 PM GMT-3 [Modules] Host is up to date.
12/20/2025, 6:56:49 PM GMT-3 [Modules] Checking for module updates at https://discord.com/api/modules/stable/versions.json
12/20/2025, 6:56:49 PM GMT-3 [Modules] No module updates available.
12/20/2025, 6:57:06 PM GMT-3 [Modules] Checking for host updates.
12/20/2025, 6:57:06 PM GMT-3 [Modules] Host is up to date.
12/20/2025, 6:57:06 PM GMT-3 [Modules] Checking for module updates at https://discord.com/api/modules/stable/versions.json
12/20/2025, 6:57:06 PM GMT-3 [Modules] No module updates available.
12/20/2025, 8:06:27 PM GMT-3 [Modules] Checking for host updates.
12/20/2025, 8:06:27 PM GMT-3 [Modules] Host is up to date.
12/20/2025, 8:06:27 PM GMT-3 [Modules] Checking for module updates at https://discord.com/api/modules/stable/versions.json
12/20/2025, 8:06:27 PM GMT-3 [Modules] No module updates available.
12/21/2025, 9:42:59 AM GMT-3 [Modules] Checking for host updates.
12/21/2025, 9:42:59 AM GMT-3 [Modules] Host is up to date.
12/21/2025, 9:42:59 AM GMT-3 [Modules] Checking for module updates at https://discord.com/api/modules/stable/versions.json
12/21/2025, 9:42:59 AM GMT-3 [Modules] No module updates available.
12/21/2025, 10:24:36 AM GMT-3 [Modules] Checking for host updates.
12/21/2025, 10:24:36 AM GMT-3 [Modules] Host is up to date.
12/21/2025, 10:24:36 AM GMT-3 [Modules] Checking for module updates at https://discord.com/api/modules/stable/versions.json
12/21/2025, 10:24:36 AM GMT-3 [Modules] No module updates available.
12/21/2025, 10:30:48 AM GMT-3 [Modules] Checking for host updates.
12/21/2025, 10:30:48 AM GMT-3 [Modules] Host is up to date.
12/21/2025, 10:30:48 AM GMT-3 [Modules] Checking for module updates at https://discord.com/api/modules/stable/versions.json
12/21/2025, 10:30:48 AM GMT-3 [Modules] No module updates available.
12/21/2025, 10:38:39 AM GMT-3 [Modules] Checking for host updates.
12/21/2025, 10:38:40 AM GMT-3 [Modules] Host is up to date.
12/21/2025, 10:38:40 AM GMT-3 [Modules] Checking for module updates at https://discord.com/api/modules/stable/versions.json
12/21/2025, 10:38:40 AM GMT-3 [Modules] No module updates available.
12/21/2025, 10:55:10 AM GMT-3 [Modules] Checking for host updates.
12/21/2025, 10:55:11 AM GMT-3 [Modules] Host is up to date.
12/21/2025, 10:55:11 AM GMT-3 [Modules] Checking for module updates at https://discord.com/api/modules/stable/versions.json
12/21/2025, 10:55:11 AM GMT-3 [Modules] No module updates available.
12/21/2025, 12:14:51 PM GMT-3 [Modules] Checking for host updates.
12/21/2025, 12:14:51 PM GMT-3 [Modules] Host is up to date.
12/21/2025, 12:14:51 PM GMT-3 [Modules] Checking for module updates at https://discord.com/api/modules/stable/versions.json
12/21/2025, 12:14:52 PM GMT-3 [Modules] No module updates available.
12/21/2025, 1:14:52 PM GMT-3 [Modules] Checking for host updates.
12/21/2025, 1:14:53 PM GMT-3 [Modules] Host is up to date.
12/21/2025, 1:14:53 PM GMT-3 [Modules] Checking for module updates at https://discord.com/api/modules/stable/versions.json
12/21/2025, 1:14:53 PM GMT-3 [Modules] No module updates available.
12/22/2025, 9:08:52 AM GMT-3 [Modules] Checking for host updates.
12/22/2025, 9:08:52 AM GMT-3 [Modules] Host is up to date.
12/22/2025, 9:08:52 AM GMT-3 [Modules] Checking for module updates at https://discord.com/api/modules/stable/versions.json
12/22/2025, 9:08:52 AM GMT-3 [Modules] No module updates available.
12/22/2025, 10:08:53 AM GMT-3 [Modules] Checking for host updates.
12/22/2025, 10:08:53 AM GMT-3 [Modules] Host is up to date.
12/22/2025, 10:08:53 AM GMT-3 [Modules] Checking for module updates at https://discord.com/api/modules/stable/versions.json
12/22/2025, 10:08:53 AM GMT-3 [Modules] No module updates available.
12/22/2025, 11:08:53 AM GMT-3 [Modules] Checking for host updates.
12/22/2025, 11:08:53 AM GMT-3 [Modules] Host is up to date.
12/22/2025, 11:08:53 AM GMT-3 [Modules] Checking for module updates at https://discord.com/api/modules/stable/versions.json
12/22/2025, 11:08:53 AM GMT-3 [Modules] No module updates available.
12/22/2025, 12:08:53 PM GMT-3 [Modules] Checking for host updates.
12/22/2025, 12:08:53 PM GMT-3 [Modules] Host is up to date.
12/22/2025, 12:08:53 PM GMT-3 [Modules] Checking for module updates at https://discord.com/api/modules/stable/versions.json
12/22/2025, 12:08:53 PM GMT-3 [Modules] No module updates available.
12/22/2025, 2:44:27 PM GMT-3 [Modules] Checking for host updates.
12/22/2025, 2:44:27 PM GMT-3 [Modules] Host is up to date.
12/22/2025, 2:44:27 PM GMT-3 [Modules] Checking for module updates at https://discord.com/api/modules/stable/versions.json
12/22/2025, 2:44:27 PM GMT-3 [Modules] No module updates available.
12/22/2025, 3:44:28 PM GMT-3 [Modules] Checking for host updates.
12/22/2025, 3:44:28 PM GMT-3 [Modules] Host is up to date.
12/22/2025, 3:44:28 PM GMT-3 [Modules] Checking for module updates at https://discord.com/api/modules/stable/versions.json
12/22/2025, 3:44:28 PM GMT-3 [Modules] No module updates available.
12/22/2025, 4:34:57 PM GMT-3 [Modules] Checking for host updates.
12/22/2025, 4:34:58 PM GMT-3 [Modules] Host is up to date.
12/22/2025, 4:34:58 PM GMT-3 [Modules] Checking for module updates at https://discord.com/api/modules/stable/versions.json
12/22/2025, 4:34:58 PM GMT-3 [Modules] No module updates available.
12/22/2025, 5:31:05 PM GMT-3 [Modules] Checking for host updates.
12/22/2025, 5:31:06 PM GMT-3 [Modules] Host is up to date.
12/22/2025, 5:31:06 PM GMT-3 [Modules] Checking for module updates at https://discord.com/api/modules/stable/versions.json
12/22/2025, 5:31:06 PM GMT-3 [Modules] No module updates available.
12/22/2025, 10:03:16 PM GMT-3 [Modules] Checking for host updates.
12/22/2025, 10:03:16 PM GMT-3 [Modules] Host update failed: Error: getaddrinfo EAI_AGAIN discord.com
12/22/2025, 10:03:35 PM GMT-3 [Modules] Checking for host updates.
12/22/2025, 10:03:36 PM GMT-3 [Modules] Host is up to date.
12/22/2025, 10:03:36 PM GMT-3 [Modules] Checking for module updates at https://discord.com/api/modules/stable/versions.json
12/22/2025, 10:03:36 PM GMT-3 [Modules] No module updates available.
12/22/2025, 11:03:41 PM GMT-3 [Modules] Checking for host updates.
12/22/2025, 11:03:42 PM GMT-3 [Modules] Host is up to date.
12/22/2025, 11:03:42 PM GMT-3 [Modules] Checking for module updates at https://discord.com/api/modules/stable/versions.json
12/22/2025, 11:03:42 PM GMT-3 [Modules] No module updates available.
12/23/2025, 5:11:30 PM GMT-3 [Modules] Modules initializing
12/23/2025, 5:11:30 PM GMT-3 [Modules] Distribution: remote
12/23/2025, 5:11:30 PM GMT-3 [Modules] Host updates: enabled
12/23/2025, 5:11:30 PM GMT-3 [Modules] Module updates: enabled
12/23/2025, 5:11:30 PM GMT-3 [Modules] Module install path: /home/odin/.config/discord/0.0.119/modules
12/23/2025, 5:11:30 PM GMT-3 [Modules] Module installed file path: /home/odin/.config/discord/0.0.119/modules/installed.json
12/23/2025, 5:11:30 PM GMT-3 [Modules] Module download path: /home/odin/.config/discord/0.0.119/modules/pending
12/23/2025, 5:11:30 PM GMT-3 [Modules] No updates to install
12/23/2025, 5:11:30 PM GMT-3 [Modules] Checking for host updates.
12/23/2025, 5:11:31 PM GMT-3 [Modules] Host is up to date.
12/23/2025, 5:11:31 PM GMT-3 [Modules] Checking for module updates at https://discord.com/api/modules/stable/versions.json
12/23/2025, 5:11:31 PM GMT-3 [Modules] No module updates available.
12/23/2025, 5:11:43 PM GMT-3 [Modules] Checking for host updates.
12/23/2025, 5:11:43 PM GMT-3 [Modules] Host is up to date.
12/23/2025, 5:11:43 PM GMT-3 [Modules] Checking for module updates at https://discord.com/api/modules/stable/versions.json
12/23/2025, 5:11:43 PM GMT-3 [Modules] No module updates available.
12/23/2025, 7:52:16 PM GMT-3 [Modules] Checking for host updates.
12/23/2025, 7:52:16 PM GMT-3 [Modules] Host is up to date.
12/23/2025, 7:52:16 PM GMT-3 [Modules] Checking for module updates at https://discord.com/api/modules/stable/versions.json
12/23/2025, 7:52:16 PM GMT-3 [Modules] No module updates available.
12/23/2025, 8:52:17 PM GMT-3 [Modules] Checking for host updates.
12/23/2025, 8:52:17 PM GMT-3 [Modules] Host is up to date.
12/23/2025, 8:52:17 PM GMT-3 [Modules] Checking for module updates at https://discord.com/api/modules/stable/versions.json
12/23/2025, 8:52:17 PM GMT-3 [Modules] No module updates available.
12/23/2025, 9:06:01 PM GMT-3 [Modules] Checking for host updates.
12/23/2025, 9:06:01 PM GMT-3 [Modules] Host is up to date.
12/23/2025, 9:06:01 PM GMT-3 [Modules] Checking for module updates at https://discord.com/api/modules/stable/versions.json
12/23/2025, 9:06:01 PM GMT-3 [Modules] No module updates available.
12/24/2025, 11:40:09 AM GMT-3 [Modules] Checking for host updates.
12/24/2025, 11:40:09 AM GMT-3 [Modules] Host is up to date.
12/24/2025, 11:40:09 AM GMT-3 [Modules] Checking for module updates at https://discord.com/api/modules/stable/versions.json
12/24/2025, 11:40:09 AM GMT-3 [Modules] No module updates available.
12/25/2025, 2:24:16 PM GMT-3 [Modules] Checking for host updates.
12/25/2025, 2:24:16 PM GMT-3 [Modules] Host is up to date.
12/25/2025, 2:24:16 PM GMT-3 [Modules] Checking for module updates at https://discord.com/api/modules/stable/versions.json
12/25/2025, 2:24:16 PM GMT-3 [Modules] No module updates available.
12/25/2025, 2:34:52 PM GMT-3 [Modules] Checking for host updates.
12/25/2025, 2:34:52 PM GMT-3 [Modules] Host is up to date.
12/25/2025, 2:34:52 PM GMT-3 [Modules] Checking for module updates at https://discord.com/api/modules/stable/versions.json
12/25/2025, 2:34:52 PM GMT-3 [Modules] No module updates available.
12/25/2025, 3:18:11 PM GMT-3 [Modules] Checking for host updates.
12/25/2025, 3:18:11 PM GMT-3 [Modules] Host is up to date.
12/25/2025, 3:18:11 PM GMT-3 [Modules] Checking for module updates at https://discord.com/api/modules/stable/versions.json
12/25/2025, 3:18:11 PM GMT-3 [Modules] No module updates available.
12/25/2025, 4:18:13 PM GMT-3 [Modules] Checking for host updates.
12/25/2025, 4:18:14 PM GMT-3 [Modules] Host is up to date.
12/25/2025, 4:18:14 PM GMT-3 [Modules] Checking for module updates at https://discord.com/api/modules/stable/versions.json
12/25/2025, 4:18:14 PM GMT-3 [Modules] No module updates available.
12/26/2025, 4:54:09 PM GMT-3 [Modules] Modules initializing
12/26/2025, 4:54:09 PM GMT-3 [Modules] Distribution: remote
12/26/2025, 4:54:09 PM GMT-3 [Modules] Host updates: enabled
12/26/2025, 4:54:09 PM GMT-3 [Modules] Module updates: enabled
12/26/2025, 4:54:09 PM GMT-3 [Modules] Module install path: /home/odin/.config/discord/0.0.119/modules
12/26/2025, 4:54:09 PM GMT-3 [Modules] Module installed file path: /home/odin/.config/discord/0.0.119/modules/installed.json
12/26/2025, 4:54:09 PM GMT-3 [Modules] Module download path: /home/odin/.config/discord/0.0.119/modules/pending
12/26/2025, 4:54:09 PM GMT-3 [Modules] No updates to install
12/26/2025, 4:54:09 PM GMT-3 [Modules] Checking for host updates.
12/26/2025, 4:54:10 PM GMT-3 [Modules] Host is up to date.
12/26/2025, 4:54:10 PM GMT-3 [Modules] Checking for module updates at https://discord.com/api/modules/stable/versions.json
12/26/2025, 4:54:10 PM GMT-3 [Modules] No module updates available.
12/26/2025, 4:54:22 PM GMT-3 [Modules] Checking for host updates.
12/26/2025, 4:54:23 PM GMT-3 [Modules] Host is up to date.
12/26/2025, 4:54:23 PM GMT-3 [Modules] Checking for module updates at https://discord.com/api/modules/stable/versions.json
12/26/2025, 4:54:23 PM GMT-3 [Modules] No module updates available.
12/26/2025, 7:40:24 PM GMT-3 [Modules] Checking for host updates.
12/26/2025, 7:40:24 PM GMT-3 [Modules] Host is up to date.
12/26/2025, 7:40:24 PM GMT-3 [Modules] Checking for module updates at https://discord.com/api/modules/stable/versions.json
12/26/2025, 7:40:24 PM GMT-3 [Modules] No module updates available.
12/28/2025, 1:23:51 PM GMT-3 [Modules] Checking for host updates.
12/28/2025, 1:23:52 PM GMT-3 [Modules] Host is up to date.
12/28/2025, 1:23:52 PM GMT-3 [Modules] Checking for module updates at https://discord.com/api/modules/stable/versions.json
12/28/2025, 1:23:52 PM GMT-3 [Modules] No module updates available.
12/28/2025, 1:32:14 PM GMT-3 [Modules] Checking for host updates.
12/28/2025, 1:32:14 PM GMT-3 [Modules] Host is up to date.
12/28/2025, 1:32:14 PM GMT-3 [Modules] Checking for module updates at https://discord.com/api/modules/stable/versions.json
12/28/2025, 1:32:14 PM GMT-3 [Modules] No module updates available.
12/28/2025, 2:32:15 PM GMT-3 [Modules] Checking for host updates.
12/28/2025, 2:32:15 PM GMT-3 [Modules] Host is up to date.
12/28/2025, 2:32:15 PM GMT-3 [Modules] Checking for module updates at https://discord.com/api/modules/stable/versions.json
12/28/2025, 2:32:15 PM GMT-3 [Modules] No module updates available.
12/28/2025, 3:05:28 PM GMT-3 [Modules] Checking for host updates.
12/28/2025, 3:05:28 PM GMT-3 [Modules] Host is up to date.
12/28/2025, 3:05:28 PM GMT-3 [Modules] Checking for module updates at https://discord.com/api/modules/stable/versions.json
12/28/2025, 3:05:28 PM GMT-3 [Modules] No module updates available.
12/28/2025, 4:05:28 PM GMT-3 [Modules] Checking for host updates.
12/28/2025, 4:05:28 PM GMT-3 [Modules] Host is up to date.
12/28/2025, 4:05:28 PM GMT-3 [Modules] Checking for module updates at https://discord.com/api/modules/stable/versions.json
12/28/2025, 4:05:28 PM GMT-3 [Modules] No module updates available.
12/29/2025, 1:26:40 PM GMT-3 [Modules] Checking for host updates.
12/29/2025, 1:26:40 PM GMT-3 [Modules] Host is up to date.
12/29/2025, 1:26:40 PM GMT-3 [Modules] Checking for module updates at https://discord.com/api/modules/stable/versions.json
12/29/2025, 1:26:40 PM GMT-3 [Modules] No module updates available.
12/29/2025, 5:01:55 PM GMT-3 [Modules] Modules initializing
12/29/2025, 5:01:55 PM GMT-3 [Modules] Distribution: remote
12/29/2025, 5:01:55 PM GMT-3 [Modules] Host updates: enabled
12/29/2025, 5:01:55 PM GMT-3 [Modules] Module updates: enabled
12/29/2025, 5:01:55 PM GMT-3 [Modules] Module install path: /home/odin/.config/discord/0.0.119/modules
12/29/2025, 5:01:55 PM GMT-3 [Modules] Module installed file path: /home/odin/.config/discord/0.0.119/modules/installed.json
12/29/2025, 5:01:55 PM GMT-3 [Modules] Module download path: /home/odin/.config/discord/0.0.119/modules/pending
12/29/2025, 5:01:55 PM GMT-3 [Modules] No updates to install
12/29/2025, 5:01:55 PM GMT-3 [Modules] Checking for host updates.
12/29/2025, 5:01:55 PM GMT-3 [Modules] Host is up to date.
12/29/2025, 5:01:55 PM GMT-3 [Modules] Checking for module updates at https://discord.com/api/modules/stable/versions.json
12/29/2025, 5:01:55 PM GMT-3 [Modules] No module updates available.
12/29/2025, 5:02:05 PM GMT-3 [Modules] Checking for host updates.
12/29/2025, 5:02:05 PM GMT-3 [Modules] Host is up to date.
12/29/2025, 5:02:05 PM GMT-3 [Modules] Checking for module updates at https://discord.com/api/modules/stable/versions.json
12/29/2025, 5:02:05 PM GMT-3 [Modules] No module updates available.
12/29/2025, 6:02:05 PM GMT-3 [Modules] Checking for host updates.
12/29/2025, 6:02:05 PM GMT-3 [Modules] Host is up to date.
12/29/2025, 6:02:05 PM GMT-3 [Modules] Checking for module updates at https://discord.com/api/modules/stable/versions.json
12/29/2025, 6:02:05 PM GMT-3 [Modules] No module updates available.
12/29/2025, 7:02:06 PM GMT-3 [Modules] Checking for host updates.
12/29/2025, 7:02:06 PM GMT-3 [Modules] Host is up to date.
12/29/2025, 7:02:06 PM GMT-3 [Modules] Checking for module updates at https://discord.com/api/modules/stable/versions.json
12/29/2025, 7:02:06 PM GMT-3 [Modules] No module updates available.
12/29/2025, 8:02:06 PM GMT-3 [Modules] Checking for host updates.
12/29/2025, 8:02:06 PM GMT-3 [Modules] Host is up to date.
12/29/2025, 8:02:06 PM GMT-3 [Modules] Checking for module updates at https://discord.com/api/modules/stable/versions.json
12/29/2025, 8:02:06 PM GMT-3 [Modules] No module updates available.
12/29/2025, 9:02:06 PM GMT-3 [Modules] Checking for host updates.
12/29/2025, 9:02:06 PM GMT-3 [Modules] Host is up to date.
12/29/2025, 9:02:06 PM GMT-3 [Modules] Checking for module updates at https://discord.com/api/modules/stable/versions.json
12/29/2025, 9:02:06 PM GMT-3 [Modules] No module updates available.
12/29/2025, 10:02:06 PM GMT-3 [Modules] Checking for host updates.
12/29/2025, 10:02:06 PM GMT-3 [Modules] Host is up to date.
12/29/2025, 10:02:06 PM GMT-3 [Modules] Checking for module updates at https://discord.com/api/modules/stable/versions.json
12/29/2025, 10:02:06 PM GMT-3 [Modules] No module updates available.
12/29/2025, 11:02:06 PM GMT-3 [Modules] Checking for host updates.
12/29/2025, 11:02:06 PM GMT-3 [Modules] Host is up to date.
12/29/2025, 11:02:06 PM GMT-3 [Modules] Checking for module updates at https://discord.com/api/modules/stable/versions.json
12/29/2025, 11:02:06 PM GMT-3 [Modules] No module updates available.
12/30/2025, 12:31:24 AM GMT-3 [Modules] Checking for host updates.
12/30/2025, 12:31:24 AM GMT-3 [Modules] Host is up to date.
12/30/2025, 12:31:24 AM GMT-3 [Modules] Checking for module updates at https://discord.com/api/modules/stable/versions.json
12/30/2025, 12:31:24 AM GMT-3 [Modules] No module updates available.
12/30/2025, 9:26:51 AM GMT-3 [Modules] Checking for host updates.
12/30/2025, 9:26:51 AM GMT-3 [Modules] Host is up to date.
12/30/2025, 9:26:51 AM GMT-3 [Modules] Checking for module updates at https://discord.com/api/modules/stable/versions.json
12/30/2025, 9:26:51 AM GMT-3 [Modules] No module updates available.
12/30/2025, 11:38:59 AM GMT-3 [Modules] Checking for host updates.
12/30/2025, 11:38:59 AM GMT-3 [Modules] Host is up to date.
12/30/2025, 11:38:59 AM GMT-3 [Modules] Checking for module updates at https://discord.com/api/modules/stable/versions.json
12/30/2025, 11:38:59 AM GMT-3 [Modules] No module updates available.
12/30/2025, 2:08:50 PM GMT-3 [Modules] Checking for host updates.
12/30/2025, 2:08:50 PM GMT-3 [Modules] Host is up to date.
12/30/2025, 2:08:50 PM GMT-3 [Modules] Checking for module updates at https://discord.com/api/modules/stable/versions.json
12/30/2025, 2:08:50 PM GMT-3 [Modules] No module updates available.
12/30/2025, 3:08:54 PM GMT-3 [Modules] Checking for host updates.
12/30/2025, 3:08:54 PM GMT-3 [Modules] Host is up to date.
12/30/2025, 3:08:54 PM GMT-3 [Modules] Checking for module updates at https://discord.com/api/modules/stable/versions.json
12/30/2025, 3:08:54 PM GMT-3 [Modules] No module updates available.
12/30/2025, 5:39:43 PM GMT-3 [Modules] Checking for host updates.
12/30/2025, 5:39:43 PM GMT-3 [Modules] Host is up to date.
12/30/2025, 5:39:43 PM GMT-3 [Modules] Checking for module updates at https://discord.com/api/modules/stable/versions.json
12/30/2025, 5:39:43 PM GMT-3 [Modules] No module updates available.
12/30/2025, 6:39:44 PM GMT-3 [Modules] Checking for host updates.
12/30/2025, 6:39:44 PM GMT-3 [Modules] Host is up to date.
12/30/2025, 6:39:44 PM GMT-3 [Modules] Checking for module updates at https://discord.com/api/modules/stable/versions.json
12/30/2025, 6:39:44 PM GMT-3 [Modules] No module updates available.
12/30/2025, 8:57:12 PM GMT-3 [Modules] Checking for host updates.
12/30/2025, 8:57:12 PM GMT-3 [Modules] Host is up to date.
12/30/2025, 8:57:12 PM GMT-3 [Modules] Checking for module updates at https://discord.com/api/modules/stable/versions.json
12/30/2025, 8:57:12 PM GMT-3 [Modules] No module updates available.
12/30/2025, 9:57:13 PM GMT-3 [Modules] Checking for host updates.
12/30/2025, 9:57:13 PM GMT-3 [Modules] Host is up to date.
12/30/2025, 9:57:13 PM GMT-3 [Modules] Checking for module updates at https://discord.com/api/modules/stable/versions.json
12/30/2025, 9:57:13 PM GMT-3 [Modules] No module updates available.
12/30/2025, 11:27:27 PM GMT-3 [Modules] Checking for host updates.
12/30/2025, 11:27:28 PM GMT-3 [Modules] Host is up to date.
12/30/2025, 11:27:28 PM GMT-3 [Modules] Checking for module updates at https://discord.com/api/modules/stable/versions.json
12/30/2025, 11:27:28 PM GMT-3 [Modules] No module updates available.
12/31/2025, 8:16:56 AM GMT-3 [Modules] Checking for host updates.
12/31/2025, 8:16:56 AM GMT-3 [Modules] Host is up to date.
12/31/2025, 8:16:56 AM GMT-3 [Modules] Checking for module updates at https://discord.com/api/modules/stable/versions.json
12/31/2025, 8:16:56 AM GMT-3 [Modules] No module updates available.
12/31/2025, 9:01:42 AM GMT-3 [Modules] Checking for host updates.
12/31/2025, 9:01:42 AM GMT-3 [Modules] Host is up to date.
12/31/2025, 9:01:42 AM GMT-3 [Modules] Checking for module updates at https://discord.com/api/modules/stable/versions.json
12/31/2025, 9:01:42 AM GMT-3 [Modules] No module updates available.
12/31/2025, 10:01:44 AM GMT-3 [Modules] Checking for host updates.
12/31/2025, 10:01:44 AM GMT-3 [Modules] Host is up to date.
12/31/2025, 10:01:44 AM GMT-3 [Modules] Checking for module updates at https://discord.com/api/modules/stable/versions.json
12/31/2025, 10:01:44 AM GMT-3 [Modules] No module updates available.
12/31/2025, 11:01:44 AM GMT-3 [Modules] Checking for host updates.
12/31/2025, 11:01:44 AM GMT-3 [Modules] Host is up to date.
12/31/2025, 11:01:44 AM GMT-3 [Modules] Checking for module updates at https://discord.com/api/modules/stable/versions.json
12/31/2025, 11:01:44 AM GMT-3 [Modules] No module updates available.
12/31/2025, 1:54:42 PM GMT-3 [Modules] Checking for host updates.
12/31/2025, 1:54:42 PM GMT-3 [Modules] Host is up to date.
12/31/2025, 1:54:42 PM GMT-3 [Modules] Checking for module updates at https://discord.com/api/modules/stable/versions.json
12/31/2025, 1:54:42 PM GMT-3 [Modules] No module updates available.
12/31/2025, 8:58:14 PM GMT-3 [Modules] Checking for host updates.
12/31/2025, 8:58:14 PM GMT-3 [Modules] Host is up to date.
12/31/2025, 8:58:14 PM GMT-3 [Modules] Checking for module updates at https://discord.com/api/modules/stable/versions.json
12/31/2025, 8:58:14 PM GMT-3 [Modules] No module updates available.
1/1/2026, 7:40:02 AM GMT-3 [Modules] Checking for host updates.
1/1/2026, 7:40:03 AM GMT-3 [Modules] Host is up to date.
1/1/2026, 7:40:03 AM GMT-3 [Modules] Checking for module updates at https://discord.com/api/modules/stable/versions.json
1/1/2026, 7:40:03 AM GMT-3 [Modules] No module updates available.
1/1/2026, 8:40:03 AM GMT-3 [Modules] Checking for host updates.
1/1/2026, 8:40:04 AM GMT-3 [Modules] Host is up to date.
1/1/2026, 8:40:04 AM GMT-3 [Modules] Checking for module updates at https://discord.com/api/modules/stable/versions.json
1/1/2026, 8:40:04 AM GMT-3 [Modules] No module updates available.
1/1/2026, 9:40:03 AM GMT-3 [Modules] Checking for host updates.
1/1/2026, 9:40:04 AM GMT-3 [Modules] Host is up to date.
1/1/2026, 9:40:04 AM GMT-3 [Modules] Checking for module updates at https://discord.com/api/modules/stable/versions.json
1/1/2026, 9:40:04 AM GMT-3 [Modules] No module updates available.
1/2/2026, 12:24:27 AM GMT-3 [Modules] Checking for host updates.
1/2/2026, 12:24:28 AM GMT-3 [Modules] Host is up to date.
1/2/2026, 12:24:28 AM GMT-3 [Modules] Checking for module updates at https://discord.com/api/modules/stable/versions.json
1/2/2026, 12:24:28 AM GMT-3 [Modules] No module updates available.
1/2/2026, 10:14:44 PM GMT-3 [Modules] Checking for host updates.
1/2/2026, 10:14:44 PM GMT-3 [Modules] Host is up to date.
1/2/2026, 10:14:44 PM GMT-3 [Modules] Checking for module updates at https://discord.com/api/modules/stable/versions.json
1/2/2026, 10:14:44 PM GMT-3 [Modules] No module updates available.
1/3/2026, 11:25:05 AM GMT-3 [Modules] Checking for host updates.
1/3/2026, 11:25:05 AM GMT-3 [Modules] Host is up to date.
1/3/2026, 11:25:05 AM GMT-3 [Modules] Checking for module updates at https://discord.com/api/modules/stable/versions.json
1/3/2026, 11:25:05 AM GMT-3 [Modules] No module updates available.
1/3/2026, 12:25:08 PM GMT-3 [Modules] Checking for host updates.
1/3/2026, 12:25:08 PM GMT-3 [Modules] Host is up to date.
1/3/2026, 12:25:08 PM GMT-3 [Modules] Checking for module updates at https://discord.com/api/modules/stable/versions.json
1/3/2026, 12:25:08 PM GMT-3 [Modules] No module updates available.
1/4/2026, 2:57:12 PM GMT-3 [Modules] Checking for host updates.
1/4/2026, 2:57:12 PM GMT-3 [Modules] Host is up to date.
1/4/2026, 2:57:12 PM GMT-3 [Modules] Checking for module updates at https://discord.com/api/modules/stable/versions.json
1/4/2026, 2:57:12 PM GMT-3 [Modules] No module updates available.
1/4/2026, 4:50:22 PM GMT-3 [Modules] Checking for host updates.
1/4/2026, 4:50:22 PM GMT-3 [Modules] Host is up to date.
1/4/2026, 4:50:22 PM GMT-3 [Modules] Checking for module updates at https://discord.com/api/modules/stable/versions.json
1/4/2026, 4:50:22 PM GMT-3 [Modules] No module updates available.
1/5/2026, 8:29:48 AM GMT-3 [Modules] Checking for host updates.
1/5/2026, 8:29:48 AM GMT-3 [Modules] Host is up to date.
1/5/2026, 8:29:48 AM GMT-3 [Modules] Checking for module updates at https://discord.com/api/modules/stable/versions.json
1/5/2026, 8:29:48 AM GMT-3 [Modules] No module updates available.
1/5/2026, 12:11:03 PM GMT-3 [Modules] Checking for host updates.
1/5/2026, 12:11:08 PM GMT-3 [Modules] Host is up to date.
1/5/2026, 12:11:08 PM GMT-3 [Modules] Checking for module updates at https://discord.com/api/modules/stable/versions.json
1/5/2026, 12:11:08 PM GMT-3 [Modules] No module updates available.
1/5/2026, 3:44:13 PM GMT-3 [Modules] Checking for host updates.
1/5/2026, 3:44:13 PM GMT-3 [Modules] Host is up to date.
1/5/2026, 3:44:13 PM GMT-3 [Modules] Checking for module updates at https://discord.com/api/modules/stable/versions.json
1/5/2026, 3:44:13 PM GMT-3 [Modules] No module updates available.
1/6/2026, 2:54:08 PM GMT-3 [Modules] Checking for host updates.
1/6/2026, 2:54:09 PM GMT-3 [Modules] Host is up to date.
1/6/2026, 2:54:09 PM GMT-3 [Modules] Checking for module updates at https://discord.com/api/modules/stable/versions.json
1/6/2026, 2:54:09 PM GMT-3 [Modules] No module updates available.
1/6/2026, 4:09:15 PM GMT-3 [Modules] Checking for host updates.
1/6/2026, 4:09:15 PM GMT-3 [Modules] Host is up to date.
1/6/2026, 4:09:15 PM GMT-3 [Modules] Checking for module updates at https://discord.com/api/modules/stable/versions.json
1/6/2026, 4:09:15 PM GMT-3 [Modules] No module updates available.
1/6/2026, 5:09:18 PM GMT-3 [Modules] Checking for host updates.
1/6/2026, 5:09:18 PM GMT-3 [Modules] Host is up to date.
1/6/2026, 5:09:18 PM GMT-3 [Modules] Checking for module updates at https://discord.com/api/modules/stable/versions.json
1/6/2026, 5:09:18 PM GMT-3 [Modules] No module updates available.
1/6/2026, 6:09:18 PM GMT-3 [Modules] Checking for host updates.
1/6/2026, 6:09:18 PM GMT-3 [Modules] Host is up to date.
1/6/2026, 6:09:18 PM GMT-3 [Modules] Checking for module updates at https://discord.com/api/modules/stable/versions.json
1/6/2026, 6:09:18 PM GMT-3 [Modules] No module updates available.
1/6/2026, 7:09:18 PM GMT-3 [Modules] Checking for host updates.
1/6/2026, 7:09:18 PM GMT-3 [Modules] Host is up to date.
1/6/2026, 7:09:18 PM GMT-3 [Modules] Checking for module updates at https://discord.com/api/modules/stable/versions.json
1/6/2026, 7:09:18 PM GMT-3 [Modules] No module updates available.
1/6/2026, 8:09:18 PM GMT-3 [Modules] Checking for host updates.
1/6/2026, 8:09:18 PM GMT-3 [Modules] Host is up to date.
1/6/2026, 8:09:18 PM GMT-3 [Modules] Checking for module updates at https://discord.com/api/modules/stable/versions.json
1/6/2026, 8:09:18 PM GMT-3 [Modules] No module updates available.
1/6/2026, 9:09:18 PM GMT-3 [Modules] Checking for host updates.
1/6/2026, 9:09:18 PM GMT-3 [Modules] Host is up to date.
1/6/2026, 9:09:18 PM GMT-3 [Modules] Checking for module updates at https://discord.com/api/modules/stable/versions.json
1/6/2026, 9:09:18 PM GMT-3 [Modules] No module updates available.
1/6/2026, 10:09:18 PM GMT-3 [Modules] Checking for host updates.
1/6/2026, 10:09:18 PM GMT-3 [Modules] Host is up to date.
1/6/2026, 10:09:18 PM GMT-3 [Modules] Checking for module updates at https://discord.com/api/modules/stable/versions.json
1/6/2026, 10:09:18 PM GMT-3 [Modules] No module updates available.
1/14/2026, 8:32:08 PM GMT-3 [Modules] Modules initializing
1/14/2026, 8:32:08 PM GMT-3 [Modules] Distribution: remote
1/14/2026, 8:32:08 PM GMT-3 [Modules] Host updates: enabled
1/14/2026, 8:32:08 PM GMT-3 [Modules] Module updates: enabled
1/14/2026, 8:32:08 PM GMT-3 [Modules] Module install path: /home/odin/.config/discord/0.0.119/modules
1/14/2026, 8:32:08 PM GMT-3 [Modules] Module installed file path: /home/odin/.config/discord/0.0.119/modules/installed.json
1/14/2026, 8:32:08 PM GMT-3 [Modules] Module download path: /home/odin/.config/discord/0.0.119/modules/pending
1/14/2026, 8:32:08 PM GMT-3 [Modules] No updates to install
1/14/2026, 8:32:08 PM GMT-3 [Modules] Checking for host updates.
1/14/2026, 8:32:09 PM GMT-3 [Modules] Host update is available. Manual update required!
